ID	categorical_1	categorical_2	categorical_3	categorical_4	categorical_5	categorical_6	categorical_7	categorical_8	categorical_9	categorical_10	categorical_11	categorical_12	categorical_13	categorical_14	categorical_15	categorical_16	categorical_17	categorical_18	categorical_19	categorical_20	categorical_21	categorical_22	categorical_23	categorical_24	categorical_25	categorical_26	categorical_27	categorical_28	categorical_29	categorical_30	categorical_31	categorical_32	categorical_33	categorical_34	categorical_35	categorical_36	categorical_37	categorical_38	categorical_39	categorical_40	categorical_41	categorical_42
1	4	0	1	2	0	0	1	0	0	0	4	NA	1	0	0	2	0	1	0	1	1	3	0	0	1	0	1	0	0	2	0	NA	3	0	4	1	NA	3	1	2	0	NA
2	2	0	NA	4	1	1	0	3	NA	0	7	0	0	1	0	0	3	4	1	1	1	NA	4	3	4	2	1	1	0	2	NA	1	4	NA	0	NA	1	0	0	NA	0	0
3	0	3	7	1	0	NA	1	0	0	0	0	0	0	0	3	0	0	1	1	3	2	1	0	4	3	4	2	NA	7	NA	3	2	3	1	0	0	NA	2	3	1	1	1
4	3	NA	4	NA	4	3	NA	0	1	0	0	2	5	0	NA	3	2	2	NA	1	NA	4	4	0	0	0	NA	0	0	0	0	2	1	NA	2	0	5	0	0	4	1	1
5	0	1	1	3	3	1	0	0	3	1	3	0	1	1	0	0	4	3	NA	3	3	0	4	0	0	0	1	5	1	1	0	3	NA	1	2	NA	1	0	0	0	3	0
6	4	0	0	3	NA	0	0	7	3	3	0	0	0	0	1	1	1	1	3	7	4	3	1	NA	0	2	NA	1	0	0	1	1	1	0	0	3	0	1	0	0	7	0
7	1	0	1	1	NA	0	4	0	4	3	4	0	0	2	0	2	0	0	1	2	0	1	NA	0	0	1	0	0	0	0	0	3	0	2	1	0	2	5	0	NA	NA	NA
8	7	NA	0	0	7	5	3	0	0	1	NA	3	0	NA	4	NA	0	4	1	1	NA	2	0	2	1	NA	0	4	0	1	3	3	1	2	0	0	0	NA	3	0	3	3
9	1	2	0	NA	2	4	0	1	0	3	0	NA	0	1	3	3	0	0	4	2	0	4	1	5	1	0	3	1	4	0	1	4	0	1	0	0	3	NA	NA	0	4	1
10	4	0	4	1	2	0	2	0	NA	5	0	0	1	NA	0	5	NA	0	NA	0	3	NA	4	0	2	4	1	NA	1	0	0	5	4	NA	4	1	0	1	4	4	1	4
11	1	3	2	3	0	3	2	0	1	1	0	0	1	0	0	0	0	4	0	0	1	1	0	0	1	0	1	2	1	2	2	4	1	4	NA	2	0	1	0	NA	NA	2
12	0	0	0	3	0	0	4	2	4	0	3	0	4	0	4	0	3	2	1	3	4	1	1	0	3	0	5	1	0	7	0	3	NA	1	0	3	2	0	3	1	0	4
13	0	2	3	0	8	2	0	0	0	3	NA	1	0	1	0	NA	4	4	0	0	1	8	0	0	0	NA	0	0	0	NA	2	1	0	2	2	0	1	0	2	3	1	1
14	1	NA	0	0	0	5	2	4	2	NA	0	NA	2	3	0	2	1	0	1	1	0	0	0	0	0	0	0	1	NA	1	0	4	0	3	0	2	0	NA	2	3	0	1
15	0	0	1	3	2	2	1	2	0	0	0	1	1	1	1	0	0	3	0	0	3	2	3	2	4	0	4	4	1	4	1	4	0	1	0	4	NA	1	1	4	3	1
16	NA	3	1	5	8	0	NA	1	0	0	1	0	2	1	4	4	0	5	2	0	1	3	0	3	NA	5	1	2	0	0	3	0	1	1	3	2	5	0	2	1	NA	4
17	2	0	3	7	NA	0	0	NA	2	1	1	1	0	1	0	1	1	NA	8	0	0	2	0	1	0	7	NA	NA	1	1	3	0	1	8	4	4	NA	1	0	NA	3	0
18	1	0	0	4	0	0	1	0	4	1	0	0	NA	0	1	0	1	0	0	2	0	4	0	NA	3	0	5	8	NA	5	2	1	0	NA	0	0	1	6	0	3	3	NA
19	1	0	3	0	0	1	NA	NA	2	NA	2	NA	0	1	1	0	NA	0	0	2	0	1	4	NA	0	7	1	2	1	2	1	NA	1	1	0	0	0	0	1	3	4	8
20	1	3	3	1	1	4	4	2	1	2	4	4	NA	0	2	3	4	0	3	3	3	0	NA	7	1	3	1	1	3	NA	0	2	0	0	0	NA	0	3	0	3	0	0
21	8	0	2	4	1	1	1	3	0	0	4	8	1	4	1	0	0	0	3	1	NA	2	1	0	4	1	2	0	1	2	1	0	1	2	3	2	3	1	2	4	0	0
22	0	0	3	2	0	3	0	0	0	3	3	NA	4	0	NA	2	0	0	0	0	4	1	0	4	3	1	0	0	3	1	0	0	0	1	0	1	NA	3	NA	0	0	0
23	NA	3	0	4	5	0	1	0	0	4	1	2	NA	0	NA	0	8	0	0	0	3	0	3	3	7	2	0	1	4	4	NA	0	0	1	3	0	0	0	0	1	NA	2
24	3	0	1	5	NA	3	1	1	4	4	1	2	7	2	4	2	3	0	1	2	3	3	3	1	2	4	1	3	0	3	NA	2	3	NA	2	2	1	3	4	0	4	NA
25	NA	NA	4	4	NA	3	0	1	3	1	1	0	0	0	0	0	NA	1	0	NA	1	3	0	3	3	2	1	4	1	4	0	4	8	3	0	0	0	NA	1	2	3	2
26	4	3	4	NA	NA	0	NA	0	1	4	0	1	0	0	NA	3	3	7	1	0	4	3	0	0	0	1	3	0	0	2	8	0	0	NA	3	0	0	0	0	4	1	2
27	4	2	2	4	2	2	1	0	4	1	1	1	3	0	4	5	0	1	2	8	1	0	1	4	0	0	2	1	2	NA	1	0	3	NA	NA	0	0	0	2	0	0	0
28	1	2	2	0	0	0	7	0	0	1	2	1	3	0	1	3	7	0	0	3	2	3	3	1	4	3	4	4	0	2	0	NA	1	1	NA	0	0	4	0	3	2	0
29	0	2	0	NA	NA	0	1	7	NA	NA	1	3	NA	1	0	0	2	1	1	0	4	1	NA	0	0	2	NA	1	0	5	0	0	3	1	NA	4	NA	1	2	0	1	1
30	5	5	3	0	1	0	3	0	0	1	2	4	2	2	1	0	0	4	3	2	NA	3	4	0	0	1	1	2	0	3	1	NA	0	4	0	NA	0	NA	NA	1	NA	0
31	1	1	4	2	1	NA	NA	4	1	1	4	5	0	1	1	NA	NA	1	NA	3	NA	0	0	4	1	1	1	0	5	2	3	2	0	2	1	2	0	5	0	1	1	NA
32	NA	0	0	0	1	3	3	3	0	0	NA	3	4	1	4	3	NA	4	4	3	2	4	0	4	NA	3	2	0	3	4	0	8	NA	2	2	0	1	NA	NA	0	1	4
33	NA	0	4	2	4	0	2	2	0	2	1	1	1	4	5	3	3	0	3	0	3	0	4	0	3	4	0	1	3	3	1	0	4	2	4	3	NA	4	0	1	1	0
34	5	0	1	0	4	NA	2	2	NA	4	0	0	3	4	NA	0	1	3	2	1	0	0	1	0	3	1	3	0	0	0	1	0	0	4	2	0	1	1	0	1	4	1
35	4	3	1	0	0	3	0	2	0	1	0	0	4	1	4	4	0	0	0	0	3	4	4	0	1	2	4	2	0	0	2	NA	4	0	0	0	3	1	1	3	4	1
36	0	2	0	0	NA	3	1	0	0	1	7	1	3	NA	0	1	3	3	0	1	0	2	0	1	2	0	3	0	0	5	NA	1	1	1	NA	3	0	3	0	1	0	3
37	0	1	NA	NA	0	0	3	NA	3	0	4	2	0	0	0	1	0	NA	0	1	0	0	1	4	0	4	0	1	NA	0	2	0	3	2	1	2	3	1	4	0	0	0
38	4	2	0	NA	0	3	1	3	NA	NA	0	3	0	0	0	NA	2	1	4	0	0	0	0	1	NA	0	1	0	5	4	0	1	2	4	2	0	3	NA	1	0	0	7
39	3	2	3	NA	NA	2	2	1	1	NA	1	2	NA	0	0	0	1	2	0	3	NA	NA	4	0	0	2	0	2	0	NA	0	2	0	0	NA	0	1	0	1	0	NA	3
40	8	8	NA	4	1	1	0	1	1	NA	4	0	0	0	0	1	2	7	4	1	4	4	4	1	3	NA	0	1	0	1	3	3	2	NA	3	1	4	1	NA	1	3	0
41	NA	1	NA	3	1	NA	3	0	0	4	4	4	3	1	3	4	4	1	1	NA	0	NA	0	NA	1	0	3	0	0	NA	1	0	0	0	4	0	0	0	NA	4	0	1
42	3	1	2	4	0	0	0	8	4	3	0	3	0	4	1	0	1	4	0	0	2	NA	0	1	1	0	0	4	3	1	3	0	0	1	NA	3	3	3	0	4	0	0
43	1	0	1	2	1	1	2	0	3	NA	1	4	0	1	1	0	3	1	0	1	2	1	NA	1	3	0	3	0	0	2	0	0	0	0	8	0	1	3	0	3	0	4
44	0	NA	7	0	1	8	0	3	0	NA	NA	0	2	1	2	1	0	NA	1	0	4	0	0	0	5	NA	1	NA	1	0	0	1	0	0	3	0	3	0	0	4	2	NA
45	1	1	3	0	1	0	NA	NA	4	NA	NA	0	8	1	1	NA	4	0	2	0	2	1	2	0	0	NA	0	3	0	0	0	0	0	2	0	2	0	0	3	1	0	1
46	2	2	3	NA	1	2	0	NA	8	0	0	0	0	4	4	0	1	0	0	3	1	0	1	0	1	1	1	NA	0	1	4	0	3	0	0	4	0	1	0	3	1	0
47	NA	1	2	2	5	3	1	3	NA	1	4	3	4	0	NA	2	NA	3	1	NA	4	0	0	1	0	0	0	3	0	0	NA	1	2	NA	NA	5	4	0	0	0	0	4
48	NA	1	3	2	2	0	1	NA	1	0	NA	1	0	0	1	0	0	3	8	0	NA	3	NA	5	1	1	2	0	2	1	1	0	2	1	0	3	1	0	0	NA	NA	1
49	2	3	0	4	5	4	3	NA	8	3	NA	0	3	0	1	4	5	0	2	2	0	0	2	NA	NA	3	0	0	7	0	3	2	NA	0	4	NA	0	1	3	0	0	3
50	2	0	0	0	NA	1	3	4	3	3	0	0	3	0	0	1	4	0	4	0	3	NA	1	0	2	0	0	0	2	2	0	5	0	0	1	5	0	3	4	5	5	0
51	0	1	0	0	0	4	3	3	2	3	0	2	0	0	0	0	5	1	1	1	3	0	0	0	0	2	0	2	1	0	5	3	0	0	4	0	0	3	1	1	NA	NA
52	1	0	3	0	7	4	1	2	1	0	1	0	0	0	NA	3	0	3	2	NA	4	3	NA	0	1	4	0	NA	0	0	1	0	NA	8	0	0	0	0	NA	0	4	0
53	0	NA	4	1	NA	0	7	4	0	1	1	NA	0	2	NA	2	4	2	0	1	3	2	0	2	0	4	NA	3	0	NA	NA	0	2	3	NA	NA	1	NA	0	1	0	4
54	0	4	2	3	0	0	NA	NA	0	3	0	4	1	0	1	0	3	0	1	3	0	0	1	1	0	3	3	0	0	0	0	3	4	3	2	NA	4	1	NA	3	4	2
55	4	0	1	3	4	0	0	2	4	3	NA	4	4	0	1	0	0	0	0	4	NA	NA	NA	NA	4	0	0	4	3	2	0	0	2	2	0	8	NA	4	0	0	0	NA
56	1	NA	1	0	0	0	NA	0	5	3	0	3	1	3	0	0	0	2	1	4	4	3	8	4	0	3	3	1	1	NA	0	4	NA	2	3	2	0	4	0	0	8	4
57	NA	2	NA	2	2	1	1	0	1	2	0	0	4	0	3	3	7	0	1	NA	0	1	2	3	0	2	1	0	0	1	0	1	2	3	4	NA	0	0	3	0	0	3
58	1	3	0	0	0	1	3	2	0	NA	1	1	2	0	3	0	NA	0	7	2	1	0	1	3	3	1	0	1	0	1	1	NA	0	0	4	NA	1	0	3	4	2	0
59	4	0	0	2	2	1	0	3	0	0	NA	2	NA	1	3	2	0	0	1	NA	2	2	3	8	1	1	0	1	0	3	0	2	2	1	2	0	3	NA	2	NA	0	0
60	1	0	1	0	3	0	4	1	2	1	0	2	1	1	3	4	1	1	1	1	3	2	4	0	NA	0	0	NA	NA	0	1	0	NA	0	5	0	2	0	0	2	0	1
61	2	0	1	0	3	0	0	NA	NA	3	0	0	0	3	NA	0	0	0	4	7	2	5	0	0	2	0	4	0	0	NA	0	0	4	1	2	1	2	0	4	NA	1	0
62	0	3	2	NA	2	2	3	NA	2	0	1	0	2	0	0	0	1	1	1	2	4	1	1	2	2	1	0	0	3	0	1	4	0	NA	0	NA	1	0	4	2	0	NA
63	3	2	0	1	3	0	0	4	1	1	NA	8	1	3	NA	3	1	3	2	1	2	7	0	3	3	0	0	4	0	1	1	4	1	3	3	1	0	0	0	0	3	3
64	0	4	1	NA	1	4	4	NA	NA	4	0	1	0	0	3	1	0	NA	0	1	0	2	3	3	4	3	4	NA	1	1	0	1	1	0	0	0	0	4	0	4	0	0
65	1	1	4	3	0	NA	4	1	NA	NA	1	1	4	0	4	0	0	1	1	3	1	4	NA	0	1	0	0	0	7	4	0	1	0	0	NA	5	0	0	0	4	4	4
66	1	3	0	3	0	4	0	NA	2	0	2	7	0	4	2	3	3	3	0	1	3	1	0	2	NA	2	0	0	3	1	2	0	3	0	0	1	0	4	8	4	3	NA
67	4	2	2	1	0	1	3	0	0	4	0	1	0	3	3	NA	1	4	1	2	1	NA	NA	1	0	0	0	1	0	0	3	1	1	0	3	5	2	1	4	4	2	1
68	4	1	0	0	3	0	1	0	NA	1	1	1	NA	4	1	0	3	1	0	0	0	NA	3	1	2	2	1	4	1	NA	1	0	NA	2	1	1	0	0	2	3	3	4
69	0	1	0	0	1	NA	3	4	0	3	0	0	0	3	4	2	0	0	5	NA	2	3	1	4	1	1	3	1	1	0	3	0	0	0	0	2	4	3	3	0	3	NA
70	NA	0	2	1	2	NA	0	0	1	2	0	0	0	2	0	NA	3	2	1	0	1	5	0	0	NA	0	2	1	3	1	3	NA	0	0	7	1	1	0	3	0	7	NA
71	0	NA	0	4	5	4	1	4	NA	NA	0	7	1	0	1	0	1	NA	8	4	3	NA	3	4	0	1	3	1	1	2	NA	0	7	1	2	3	0	3	1	0	0	1
72	4	8	3	2	1	2	2	1	0	3	3	0	0	4	NA	0	0	3	3	3	0	1	1	3	4	0	2	0	3	0	0	0	1	1	NA	0	0	1	0	2	0	2
73	1	0	1	NA	4	2	1	3	3	5	4	1	0	3	2	1	0	7	2	1	1	1	0	1	2	NA	4	0	4	2	1	0	3	1	0	1	NA	4	5	1	0	1
74	3	1	3	3	1	0	0	5	NA	5	3	4	3	0	NA	4	2	2	0	NA	0	0	4	0	0	3	2	1	NA	0	NA	0	1	0	NA	3	NA	0	4	4	4	1
75	0	1	0	1	NA	2	4	8	2	NA	3	4	1	1	0	2	0	1	4	1	0	1	3	3	3	2	0	1	3	NA	4	0	3	1	4	2	3	0	8	2	2	NA
76	1	1	0	3	0	0	1	0	0	0	4	NA	2	4	2	1	2	1	0	0	0	1	0	NA	NA	1	0	NA	4	0	0	NA	3	1	4	3	NA	1	4	3	1	1
77	0	NA	1	5	1	1	1	NA	0	NA	0	0	NA	1	3	0	0	7	7	0	0	0	0	0	3	3	1	0	0	0	0	1	7	5	4	0	NA	1	0	0	0	4
78	NA	NA	1	0	0	0	2	1	0	0	3	0	4	0	3	4	4	NA	4	0	2	0	0	0	0	0	5	4	2	0	3	0	3	3	1	0	2	4	3	2	0	1
79	3	0	1	5	0	0	0	NA	2	0	1	4	3	0	0	5	3	1	0	2	1	0	NA	NA	3	0	2	7	0	3	NA	0	3	2	4	2	3	0	NA	0	NA	3
80	7	1	0	1	1	4	3	NA	3	1	4	5	0	1	0	1	3	3	5	0	0	1	3	2	NA	NA	1	1	0	5	2	1	3	4	1	4	1	0	0	4	0	0
81	NA	0	NA	0	2	NA	NA	2	4	0	1	2	0	2	4	5	4	NA	0	1	0	0	0	4	4	0	2	0	1	NA	0	4	3	0	5	2	1	2	5	3	4	NA
82	0	0	4	2	NA	0	NA	0	2	0	1	0	0	0	0	2	0	0	1	1	NA	0	3	1	2	0	3	0	0	0	3	1	4	0	0	1	0	0	0	2	4	0
83	1	5	1	3	0	0	1	1	3	1	0	NA	0	0	1	0	1	4	NA	1	0	4	NA	0	1	0	3	4	0	0	3	0	0	2	1	1	8	0	0	0	0	0
84	1	4	1	4	3	0	0	1	3	0	0	4	0	2	2	0	1	0	0	0	4	4	0	3	NA	2	4	3	1	3	NA	0	0	NA	4	3	0	4	1	2	1	0
85	3	4	NA	4	2	1	3	0	NA	NA	4	NA	4	1	3	3	1	2	0	0	3	0	1	1	3	1	2	0	0	4	0	1	NA	3	0	0	3	3	0	1	3	0
86	3	NA	0	1	4	4	NA	1	0	0	NA	1	1	1	0	1	1	0	0	3	2	3	0	0	1	NA	1	7	3	0	0	1	3	0	2	NA	0	0	0	4	0	4
87	0	0	0	7	4	NA	4	4	3	NA	8	1	1	0	1	1	NA	0	3	1	7	2	3	1	0	0	0	4	0	1	4	5	0	0	0	7	0	3	0	3	1	2
88	0	3	2	0	2	0	0	0	1	0	2	0	0	7	2	3	NA	NA	0	1	NA	0	4	3	3	3	1	NA	1	1	2	2	4	0	NA	4	0	3	2	0	2	5
89	NA	0	NA	4	2	0	0	0	0	1	0	0	2	4	NA	0	2	0	1	1	0	0	2	2	3	1	3	2	4	0	0	0	0	3	0	2	0	4	2	3	0	1
90	0	1	NA	1	1	1	0	0	0	0	0	1	NA	1	2	1	0	1	NA	8	1	0	2	4	4	2	NA	1	0	0	0	4	0	1	2	0	2	1	4	4	0	3
91	0	0	0	NA	2	0	0	0	4	3	2	1	NA	4	0	1	NA	5	0	7	0	2	4	1	1	3	0	1	3	4	0	0	0	0	3	0	3	3	3	NA	0	0
92	1	0	4	5	NA	0	8	1	1	0	4	4	0	4	1	0	0	2	0	0	0	0	1	NA	1	0	3	2	4	1	1	0	1	1	2	2	0	NA	4	1	4	4
93	0	1	4	0	0	3	1	NA	0	NA	4	2	2	NA	1	0	NA	1	0	0	8	NA	5	1	NA	0	NA	NA	0	0	1	0	0	0	NA	0	3	4	0	4	0	1
94	0	3	NA	NA	1	NA	0	0	3	0	1	0	0	1	NA	1	1	0	0	4	3	4	0	8	2	0	1	3	3	3	0	0	3	0	NA	NA	2	2	NA	1	NA	0
95	NA	0	1	1	0	0	3	1	1	0	NA	0	2	NA	NA	1	1	3	0	3	4	2	0	1	NA	1	1	0	0	0	1	4	2	0	2	1	0	4	0	2	1	0
96	0	3	2	0	0	0	5	4	2	0	2	4	0	1	2	NA	0	1	3	0	3	5	0	3	NA	7	0	3	0	3	0	NA	4	3	3	0	0	0	4	NA	0	2
97	NA	4	0	1	0	0	NA	3	0	2	1	NA	4	1	NA	2	NA	2	1	3	NA	0	3	1	NA	0	5	0	0	2	0	0	3	0	4	0	3	3	1	1	1	NA
98	5	2	NA	0	3	4	0	3	3	4	1	4	NA	NA	2	3	1	NA	0	1	0	NA	0	3	0	NA	1	4	0	1	NA	0	2	2	0	NA	4	NA	NA	2	3	1
99	NA	4	1	5	NA	0	4	2	5	4	0	1	1	2	0	0	0	0	0	5	0	NA	0	1	0	2	4	0	1	1	2	1	0	3	0	0	0	0	3	NA	1	0
100	0	5	2	7	0	4	0	4	0	1	3	1	7	1	8	0	0	3	0	4	2	4	NA	NA	NA	0	4	0	0	0	0	0	8	0	2	0	1	0	NA	0	2	NA
101	NA	3	1	0	1	NA	1	0	0	5	NA	2	0	0	1	1	0	2	0	0	2	2	NA	0	3	NA	1	0	4	3	4	1	0	3	0	4	3	NA	2	0	2	NA
102	1	NA	5	0	0	2	1	0	1	NA	4	2	0	NA	0	0	4	NA	0	1	1	2	1	0	2	0	3	0	2	1	4	NA	0	0	1	0	3	2	3	NA	3	0
103	0	1	NA	0	0	0	NA	0	NA	1	NA	4	0	0	0	2	2	1	0	0	3	0	1	3	0	1	3	8	4	1	3	0	1	3	0	3	7	0	0	0	2	8
104	0	0	3	0	0	8	0	1	1	0	0	0	1	1	0	NA	4	1	4	1	1	4	NA	0	0	2	3	4	NA	4	0	0	0	0	3	0	0	0	0	0	3	2
105	3	2	1	7	1	4	0	NA	0	0	1	0	0	0	0	1	NA	1	2	1	3	8	2	5	0	0	0	0	3	3	3	2	0	0	0	2	0	3	NA	1	3	3
106	3	0	NA	0	0	0	4	1	1	1	4	0	0	0	0	0	2	4	0	NA	0	0	1	0	0	3	7	1	0	1	3	5	NA	3	NA	4	1	7	0	1	0	4
107	1	2	8	5	2	2	2	NA	2	0	0	4	2	3	1	0	NA	2	0	2	3	2	NA	4	1	3	0	8	0	0	1	2	NA	4	1	NA	2	NA	0	4	0	0
108	2	1	0	0	1	NA	2	0	NA	3	0	3	4	3	0	4	3	3	1	4	1	0	0	3	2	3	NA	4	2	3	0	1	0	0	0	0	0	0	NA	NA	1	2
109	1	1	NA	4	1	1	3	0	2	1	1	1	1	3	0	1	7	NA	3	NA	NA	0	1	1	1	NA	1	3	0	NA	2	NA	0	0	3	1	0	0	0	0	1	2
110	1	2	NA	3	0	3	0	3	3	1	NA	4	0	3	1	8	0	4	6	0	0	3	0	1	4	1	NA	1	0	0	0	0	NA	2	1	2	0	0	1	0	3	0
111	0	3	1	3	1	0	0	0	0	NA	4	3	2	1	0	1	1	0	1	1	3	0	0	4	2	0	2	3	0	1	NA	4	NA	0	0	0	NA	0	4	1	0	4
112	NA	1	4	0	3	2	3	3	0	3	1	1	1	3	1	0	0	1	2	5	0	4	7	4	1	2	4	4	3	0	2	4	0	1	4	0	3	3	3	1	0	NA
113	0	0	1	1	2	2	2	1	1	3	0	4	1	2	5	0	2	0	0	NA	4	0	3	NA	0	0	6	0	5	NA	0	3	2	0	4	3	0	5	4	4	0	2
114	0	4	4	NA	1	1	0	3	3	0	4	4	0	7	1	NA	4	NA	NA	0	1	0	0	0	0	3	1	4	3	NA	6	7	0	0	0	0	3	2	4	3	0	3
115	3	4	0	0	0	0	1	0	2	0	3	0	3	1	NA	0	0	1	0	4	3	1	0	1	3	3	7	0	3	0	2	1	0	0	1	0	0	4	5	2	1	4
116	0	4	0	3	2	8	3	2	2	3	1	4	0	7	1	3	0	3	0	1	0	0	1	8	5	2	0	0	0	0	3	0	0	1	1	2	2	1	2	NA	NA	1
117	4	0	3	NA	NA	1	0	3	1	1	0	0	4	0	0	3	4	NA	4	0	2	2	0	NA	5	0	0	1	3	1	0	NA	2	0	4	NA	0	0	2	0	0	1
118	0	1	1	1	1	0	0	0	0	0	NA	0	1	0	0	3	0	3	0	4	0	5	0	1	2	3	0	3	0	2	0	3	4	3	0	1	0	1	1	0	1	1
119	0	0	2	0	2	0	0	5	1	0	0	4	2	1	0	1	0	NA	1	NA	0	1	1	3	1	4	5	1	2	0	4	0	0	2	NA	1	0	3	0	NA	5	NA
120	3	1	3	4	1	4	0	2	NA	0	3	2	2	0	NA	2	NA	0	3	NA	NA	1	1	1	0	5	0	1	4	0	0	3	3	1	0	0	1	0	NA	2	4	0
121	0	1	3	NA	0	0	0	1	5	2	NA	3	3	0	1	3	0	8	1	NA	2	1	NA	0	NA	0	0	0	4	1	0	NA	7	4	3	2	0	1	3	4	0	1
122	0	0	0	0	0	1	3	4	1	1	0	0	0	1	0	4	0	0	0	0	0	2	0	0	1	0	3	1	0	0	0	0	1	3	2	1	1	2	3	2	0	1
123	0	0	0	NA	NA	2	1	4	5	0	0	NA	5	6	0	4	NA	NA	1	2	0	2	2	2	0	0	3	0	0	NA	0	4	3	2	0	2	0	0	8	3	0	3
124	2	4	4	0	0	0	0	4	0	0	0	4	NA	0	0	7	0	3	4	NA	0	0	3	0	0	2	0	2	2	5	2	4	4	2	4	7	0	0	0	4	3	1
125	1	8	0	NA	4	3	0	0	NA	NA	1	NA	1	0	2	2	4	0	3	5	0	1	0	0	3	4	3	2	0	2	1	1	0	0	2	NA	3	3	0	3	0	0
126	3	4	0	4	3	3	0	1	3	1	0	0	NA	0	NA	1	4	1	1	0	2	NA	NA	0	7	1	0	0	3	1	NA	3	3	NA	1	7	NA	0	0	7	2	0
127	1	5	5	0	1	2	0	NA	0	NA	0	1	0	8	0	0	0	0	3	5	0	NA	4	NA	1	0	1	4	3	1	2	3	1	0	0	0	1	2	2	0	1	NA
128	4	0	1	1	NA	0	0	1	8	1	0	NA	5	1	0	2	0	1	3	NA	0	1	3	1	0	4	0	2	0	0	2	3	0	NA	0	NA	1	0	NA	0	2	0
129	3	0	0	2	4	1	0	1	0	0	NA	3	2	0	1	0	1	1	4	3	0	1	5	0	0	0	1	5	0	0	2	0	1	1	4	2	3	1	5	0	0	3
130	NA	2	2	1	3	NA	3	0	0	1	4	0	NA	0	1	3	8	2	NA	1	4	2	0	3	0	4	1	2	3	4	NA	5	2	1	0	1	3	4	1	0	2	NA
131	1	3	3	1	7	NA	0	0	0	0	0	1	0	0	1	1	0	0	4	NA	1	NA	1	1	2	NA	1	4	3	4	2	0	NA	2	1	0	NA	0	0	1	0	4
132	0	0	2	1	NA	0	1	4	2	2	0	3	0	0	0	1	0	1	3	4	3	1	3	4	1	3	1	1	0	4	2	1	1	2	4	3	3	1	0	7	1	0
133	2	3	1	0	0	0	0	3	4	4	0	2	0	0	0	3	NA	2	0	0	0	1	0	0	NA	1	0	3	0	3	1	NA	1	2	5	0	0	0	3	0	3	0
134	1	2	1	0	1	0	0	0	4	1	0	1	1	3	0	3	0	3	0	2	0	NA	0	0	2	1	0	4	0	0	0	0	NA	0	0	0	3	2	0	NA	NA	0
135	3	2	3	4	3	0	4	NA	0	1	0	0	2	2	0	NA	0	1	0	1	4	3	1	4	0	8	NA	NA	0	2	0	0	0	0	1	NA	2	NA	0	NA	0	7
136	0	0	1	NA	2	0	0	0	1	0	NA	0	0	2	3	0	4	7	0	0	0	NA	1	1	1	7	0	0	0	0	0	0	4	0	3	4	3	3	1	4	0	2
137	1	1	2	3	NA	2	3	0	1	0	0	4	1	0	5	2	3	0	1	3	0	NA	2	8	1	0	7	5	NA	0	0	3	0	4	2	NA	NA	0	0	0	NA	3
138	1	5	4	0	0	0	2	0	2	1	2	8	0	0	2	0	1	4	0	2	2	NA	NA	0	1	4	NA	1	NA	1	0	1	2	1	3	0	0	0	0	0	0	0
139	NA	3	3	1	NA	1	2	0	5	0	5	0	3	NA	3	1	3	NA	NA	0	1	0	1	0	0	0	0	0	7	NA	3	1	2	3	0	1	5	3	0	0	4	4
140	1	1	2	0	1	4	2	3	2	2	3	0	NA	0	NA	4	3	4	3	NA	3	3	1	4	0	4	2	4	2	0	0	1	0	0	4	7	4	1	4	NA	1	NA
141	2	0	NA	0	NA	5	0	2	1	1	0	NA	NA	0	0	1	4	0	1	2	4	1	0	NA	0	1	3	0	4	NA	1	0	1	0	0	1	3	0	3	4	5	7
142	NA	2	0	5	7	3	0	0	3	4	1	0	4	0	NA	NA	0	2	0	0	0	8	0	5	4	0	0	2	1	3	3	NA	NA	0	3	3	2	2	1	0	3	NA
143	0	4	5	NA	0	NA	NA	0	1	NA	0	3	0	0	NA	2	0	1	0	2	6	3	4	5	2	0	0	NA	0	3	0	4	4	1	0	NA	0	4	3	NA	3	3
144	NA	1	0	0	0	4	2	3	3	1	0	0	1	7	0	4	0	1	5	1	1	2	0	2	3	2	1	0	3	4	NA	1	0	0	NA	0	1	NA	3	0	4	0
145	2	NA	0	1	0	NA	1	1	2	NA	0	0	3	1	2	3	0	0	0	0	3	1	3	NA	0	3	1	0	5	7	0	1	4	0	1	3	0	NA	NA	0	0	3
146	4	0	2	0	0	0	3	0	0	0	0	1	0	1	1	1	0	3	0	4	1	NA	2	1	NA	0	0	2	0	0	2	NA	0	1	1	0	4	1	1	0	NA	2
147	0	4	2	4	0	NA	4	NA	0	2	0	0	4	0	0	5	4	1	4	NA	2	5	4	1	NA	0	2	0	3	0	1	1	NA	0	4	NA	3	1	5	NA	0	0
148	0	3	3	5	0	4	1	0	2	8	3	NA	4	2	NA	2	2	1	0	0	1	0	0	4	4	2	0	0	0	4	0	3	0	0	NA	4	1	1	3	3	2	3
149	3	0	1	NA	4	2	3	1	NA	0	0	0	0	0	2	4	1	0	2	1	0	4	0	0	2	2	3	0	3	0	4	NA	0	3	1	0	0	0	1	4	2	0
150	0	0	NA	3	0	1	1	1	0	0	1	1	1	2	3	0	0	3	NA	1	NA	NA	NA	0	0	3	0	2	0	0	1	1	0	0	2	1	0	2	1	0	1	NA
151	3	0	NA	2	4	2	0	2	0	0	1	NA	3	4	4	2	1	1	1	0	3	0	4	4	2	2	0	3	0	3	3	5	0	2	7	7	1	4	2	1	NA	1
152	0	0	0	0	0	0	0	0	0	2	3	NA	NA	2	1	0	NA	0	5	1	NA	2	1	0	1	1	4	1	3	NA	0	1	0	1	0	0	2	2	1	3	3	1
153	0	2	1	0	0	0	0	0	0	1	0	4	5	0	0	4	0	5	2	8	8	0	2	3	0	1	0	0	0	2	0	1	4	0	0	0	0	0	2	2	0	NA
154	4	3	0	4	1	4	7	5	NA	0	0	NA	0	0	0	NA	3	2	1	0	NA	4	1	2	0	7	0	2	4	0	0	NA	0	NA	0	2	0	2	1	NA	2	NA
155	0	1	1	0	0	0	NA	0	3	2	NA	0	4	4	0	3	1	0	NA	1	2	4	1	0	5	0	NA	0	0	1	3	0	0	1	0	0	0	2	0	0	8	0
156	0	0	NA	1	3	3	2	2	0	1	0	0	1	1	1	5	0	0	4	0	0	0	4	0	0	0	NA	NA	0	NA	NA	0	3	4	0	0	0	2	4	3	1	NA
157	0	0	2	0	NA	NA	0	1	0	0	NA	0	0	3	0	0	1	0	NA	3	1	3	1	5	0	0	4	2	4	0	0	2	4	0	2	2	NA	1	3	4	1	0
158	1	4	NA	NA	0	3	NA	0	0	1	0	0	1	0	0	NA	1	0	1	0	4	4	3	1	1	0	0	0	3	1	0	3	3	2	1	0	2	0	3	0	7	0
159	8	0	1	0	1	NA	0	0	0	0	1	5	1	0	3	3	0	4	0	5	2	0	3	NA	4	4	8	1	0	4	1	4	NA	0	0	4	1	0	1	1	2	1
160	0	0	3	2	0	NA	3	1	NA	5	3	4	0	1	0	3	3	0	5	0	1	0	1	1	NA	4	NA	1	0	4	2	2	1	0	2	4	0	0	1	3	1	0
161	3	2	1	2	1	1	1	1	1	NA	8	0	1	NA	0	0	1	2	3	1	1	0	2	1	5	1	3	1	0	0	1	0	1	NA	3	3	0	NA	0	1	0	0
162	1	1	NA	0	1	3	0	3	3	2	3	3	0	5	3	3	0	4	1	0	0	0	0	0	0	1	0	0	1	4	0	1	0	NA	1	4	1	0	3	4	NA	3
163	0	4	4	0	2	0	4	3	5	1	1	0	0	2	0	1	1	0	4	0	1	3	4	NA	1	0	0	NA	3	0	0	2	0	4	NA	4	0	4	3	0	2	3
164	0	0	1	4	2	1	0	1	3	1	NA	0	3	1	4	1	NA	2	2	1	0	NA	NA	NA	4	1	3	1	1	0	3	0	2	NA	3	0	0	2	4	8	NA	NA
165	2	0	3	1	0	0	NA	1	NA	3	0	NA	0	0	1	1	0	3	0	1	NA	0	2	4	2	3	NA	0	4	1	0	0	0	1	NA	3	0	0	8	2	4	0
166	NA	0	2	0	1	4	0	0	0	3	7	3	1	3	3	0	0	1	0	0	1	0	3	0	1	0	2	NA	0	0	1	1	3	1	0	2	0	NA	3	0	NA	4
167	4	3	1	3	2	4	NA	0	0	0	3	2	5	0	0	NA	0	4	0	0	8	8	1	1	0	4	3	4	5	1	0	NA	1	3	0	0	1	0	0	3	0	0
168	0	3	NA	0	0	NA	1	3	1	0	3	0	NA	0	1	2	0	0	0	0	1	1	0	0	0	0	NA	5	0	1	3	NA	0	NA	5	0	0	3	2	1	0	0
169	2	4	0	1	0	1	0	0	2	1	4	4	4	1	1	2	0	0	0	5	3	0	4	3	0	3	1	2	1	7	4	1	NA	0	1	0	0	4	NA	2	0	0
170	0	4	0	0	0	NA	3	1	0	NA	0	1	1	1	0	3	1	0	0	NA	0	0	3	0	0	4	3	0	0	3	0	1	4	0	0	1	1	2	0	4	0	1
171	1	2	3	3	3	0	1	3	0	4	4	1	3	2	1	0	2	1	0	3	4	0	3	1	0	0	0	0	0	5	NA	0	0	0	7	NA	2	NA	0	0	0	0
172	3	1	3	4	2	4	0	1	0	3	0	8	0	0	4	0	1	4	4	3	5	0	0	0	2	2	2	1	0	3	NA	1	NA	0	4	0	0	NA	1	3	0	1
173	0	2	0	0	0	NA	1	2	3	0	2	0	2	4	1	3	0	4	4	0	1	3	0	4	1	3	1	1	2	NA	3	3	1	8	3	0	0	0	0	3	2	3
174	0	NA	4	4	1	0	4	0	3	4	NA	6	1	1	1	1	0	1	1	1	3	0	0	1	0	0	2	0	3	2	1	4	0	NA	0	0	0	2	3	3	0	7
175	2	4	1	3	0	0	0	1	1	0	1	3	0	0	0	1	NA	1	1	3	3	1	2	4	3	0	0	4	NA	0	0	1	0	1	3	NA	5	NA	8	2	3	4
176	0	0	0	2	4	4	1	0	1	1	4	1	0	0	0	0	1	3	0	0	0	1	0	5	1	0	NA	7	5	1	1	0	0	1	1	NA	3	0	NA	3	1	1
177	1	1	0	0	0	NA	NA	4	2	0	NA	3	3	3	1	0	0	4	1	NA	2	0	0	NA	0	0	3	1	2	3	6	1	NA	0	3	4	4	0	0	0	0	3
178	4	3	0	4	NA	0	3	8	5	0	5	4	3	0	0	0	1	0	0	2	3	3	0	1	1	4	0	1	1	0	0	1	4	2	1	NA	0	NA	1	2	1	4
179	1	1	2	2	0	0	2	5	0	3	NA	2	4	NA	1	3	1	0	2	2	1	0	1	4	1	2	0	1	2	3	3	1	2	0	3	0	NA	0	1	0	0	3
180	NA	2	5	2	1	0	NA	0	NA	3	0	3	0	7	3	3	NA	NA	0	NA	5	1	2	0	0	0	1	1	1	4	1	0	3	0	7	1	1	0	2	4	2	0
181	3	3	1	2	0	0	NA	0	0	7	3	2	4	1	0	1	0	1	1	4	0	0	NA	4	NA	0	NA	4	0	0	3	3	2	4	1	4	0	2	4	4	0	2
182	1	0	3	3	0	0	4	4	0	0	1	2	3	5	2	0	1	NA	0	0	3	0	1	NA	3	1	0	0	0	2	1	0	0	NA	0	3	0	NA	3	3	3	NA
183	2	0	NA	4	1	0	0	5	0	0	2	1	3	1	2	5	0	0	1	2	0	8	3	0	1	NA	3	0	3	0	0	0	NA	5	3	0	1	NA	0	0	0	3
184	NA	1	0	4	2	1	2	0	1	4	0	3	NA	1	NA	0	3	0	1	0	1	4	2	4	NA	1	0	NA	0	0	7	0	3	0	0	2	1	3	3	NA	3	0
185	4	1	NA	1	1	3	4	NA	2	NA	4	2	1	2	NA	0	4	2	3	0	1	2	8	0	2	0	1	0	0	0	1	1	2	0	0	1	0	2	0	1	0	0
186	0	0	2	0	2	0	NA	0	1	1	2	0	NA	3	0	2	3	0	0	0	0	2	0	0	2	3	1	NA	1	3	0	4	NA	1	0	0	1	0	0	0	0	3
187	0	0	1	2	2	5	2	0	1	1	NA	NA	NA	0	0	1	3	1	NA	5	0	0	0	2	4	1	1	NA	0	1	0	NA	3	0	0	4	NA	NA	0	0	0	NA
188	3	NA	0	3	4	NA	0	NA	2	7	3	2	0	2	1	0	0	4	1	0	0	0	0	0	NA	1	4	3	0	3	NA	4	2	3	0	0	NA	0	NA	0	NA	1
189	2	0	5	0	5	0	4	0	4	3	1	3	3	0	1	1	1	0	4	0	0	NA	4	1	NA	0	NA	3	0	2	0	3	1	2	NA	0	5	0	1	1	0	1
190	0	1	0	2	0	0	0	0	1	3	4	2	4	7	1	2	1	3	3	0	0	7	NA	4	3	0	0	2	0	1	NA	1	0	1	1	3	1	0	1	0	3	0
191	4	0	1	7	NA	1	0	0	0	0	3	2	4	0	2	1	NA	1	0	8	0	0	0	8	8	4	1	0	NA	3	6	4	1	0	0	0	3	0	0	0	3	0
192	0	2	NA	NA	4	4	3	0	2	2	4	7	4	NA	0	3	5	4	0	4	0	0	1	4	0	7	3	5	0	1	1	1	3	0	0	NA	2	NA	0	2	1	0
193	0	1	0	3	0	0	0	1	NA	NA	4	NA	NA	0	0	1	8	NA	0	0	0	3	3	0	3	NA	1	NA	0	NA	2	0	2	0	1	0	0	1	1	NA	7	3
194	1	NA	3	4	NA	3	1	1	1	0	0	3	3	2	0	0	0	4	0	3	0	1	0	3	0	1	NA	0	1	NA	0	4	4	NA	0	3	1	3	NA	NA	NA	NA
195	4	3	0	7	1	1	2	1	NA	3	3	0	0	3	NA	8	1	1	0	1	NA	2	0	4	0	4	1	0	0	4	1	3	1	3	3	4	NA	4	2	NA	0	0
196	NA	0	4	3	0	3	0	1	4	0	1	3	1	2	3	4	NA	1	1	NA	NA	1	0	4	4	3	3	2	NA	0	0	NA	NA	NA	8	1	0	NA	2	0	2	NA
197	NA	1	4	NA	4	NA	1	1	1	0	0	1	1	1	0	1	NA	1	0	0	1	0	0	0	2	3	NA	0	3	5	0	3	1	1	1	0	NA	4	NA	0	1	0
198	1	NA	3	1	0	2	1	3	4	0	2	2	0	1	1	4	4	NA	0	3	5	0	2	0	3	7	0	NA	0	NA	0	3	0	0	0	0	0	0	4	NA	1	0
199	4	NA	0	NA	0	NA	3	4	0	8	0	4	0	0	0	NA	0	0	0	5	0	0	3	3	NA	4	NA	0	0	0	4	0	2	NA	0	3	0	NA	3	0	0	1
200	0	0	4	0	0	0	0	0	1	1	NA	NA	2	0	3	3	0	NA	1	4	2	1	1	0	3	0	4	5	1	0	4	4	NA	0	2	NA	0	3	0	4	2	0
201	0	0	4	1	0	0	0	0	0	0	1	1	3	0	5	0	1	3	0	0	0	3	0	2	0	1	2	3	NA	0	0	2	3	2	4	0	1	0	1	2	1	2
202	0	5	1	0	0	0	4	0	NA	2	3	4	4	0	4	1	0	0	0	3	NA	0	0	4	1	4	0	0	0	2	1	4	1	0	2	NA	1	3	0	3	0	0
203	NA	0	2	4	5	2	2	1	0	3	5	NA	4	0	NA	4	0	3	4	1	3	0	0	3	0	1	NA	0	3	0	0	2	3	NA	4	2	1	3	0	4	0	1
204	NA	NA	3	0	1	3	0	NA	1	4	0	0	0	4	1	2	8	3	0	2	0	0	0	5	0	5	3	1	1	4	0	0	0	NA	0	0	1	4	2	4	3	0
205	1	NA	1	3	3	1	3	0	3	3	4	2	0	0	0	0	1	0	0	NA	2	0	NA	NA	2	0	0	4	4	2	1	1	1	0	4	0	0	0	1	3	0	0
206	0	NA	0	1	2	0	0	4	0	0	2	5	2	1	2	0	3	0	0	0	0	1	0	2	0	4	NA	3	0	1	3	1	0	3	0	3	NA	1	1	0	NA	NA
207	0	0	0	0	1	3	2	0	1	1	3	0	4	3	4	0	2	0	2	NA	4	0	1	1	4	1	2	1	0	NA	0	3	3	4	1	0	0	3	0	1	1	1
208	4	0	4	3	5	0	0	1	0	2	0	NA	0	0	2	0	0	0	0	1	1	0	1	0	8	0	4	0	0	4	0	0	1	0	0	0	0	2	NA	0	3	1
209	2	2	2	1	1	2	0	3	0	1	0	NA	0	1	3	3	0	2	1	0	4	0	0	3	1	3	0	4	3	1	NA	8	1	0	0	7	4	1	3	NA	0	4
210	3	1	0	1	2	1	0	1	3	2	3	1	0	NA	0	5	0	0	3	3	1	4	1	NA	0	0	NA	2	0	3	NA	3	NA	1	NA	0	0	0	4	0	5	NA
211	3	2	1	2	3	4	2	NA	3	4	0	0	NA	NA	2	0	2	0	2	2	4	3	NA	1	3	2	1	1	NA	0	0	3	3	2	1	0	1	0	NA	1	0	1
212	4	0	NA	3	4	0	1	0	NA	3	NA	1	4	1	0	0	1	NA	0	3	1	2	2	1	0	2	1	0	0	0	0	1	1	3	0	4	0	NA	0	0	4	0
213	0	0	3	0	3	1	0	0	0	NA	0	5	0	NA	1	0	3	3	1	0	0	NA	4	1	1	0	1	0	0	0	0	0	3	3	0	2	0	0	0	NA	0	2
214	4	0	2	4	NA	1	NA	NA	4	0	1	0	1	8	3	5	2	1	0	1	NA	3	1	NA	2	1	0	0	NA	1	NA	0	NA	3	3	3	2	2	0	2	0	0
215	1	3	2	3	NA	0	0	1	0	3	3	4	3	1	0	NA	0	0	1	3	2	NA	2	1	4	NA	0	4	3	NA	0	0	0	0	1	4	1	3	1	0	4	2
216	4	1	0	1	4	NA	4	NA	0	0	3	5	1	0	0	1	0	1	0	1	1	0	NA	2	8	0	NA	1	2	NA	NA	0	0	4	4	1	1	1	1	2	0	0
217	2	2	4	3	1	1	4	0	0	3	6	2	0	3	3	0	4	4	1	0	1	1	0	NA	8	NA	0	1	4	0	3	0	NA	0	0	3	2	0	NA	1	3	1
218	2	1	0	4	0	NA	2	1	5	1	1	0	1	1	1	4	2	0	1	3	1	1	2	NA	2	0	1	0	0	0	3	2	0	0	NA	0	1	2	3	0	2	4
219	NA	2	2	0	NA	3	1	5	0	NA	1	0	3	1	1	1	1	0	3	0	NA	0	1	0	NA	2	0	0	4	0	0	1	3	0	1	0	0	0	1	4	1	0
220	0	7	0	0	0	2	1	1	0	1	0	1	2	2	1	1	1	0	3	4	4	0	0	2	1	NA	NA	0	0	0	2	0	4	NA	0	0	1	0	4	4	0	4
221	0	0	3	0	NA	0	0	0	3	NA	0	0	0	2	1	0	1	4	4	1	2	1	NA	2	2	1	NA	NA	4	0	4	4	2	NA	1	0	3	0	4	NA	0	3
222	1	NA	0	0	2	0	2	3	0	3	0	0	1	NA	0	2	0	0	2	NA	NA	0	1	0	3	NA	1	NA	2	NA	0	1	3	0	1	1	4	NA	NA	4	8	4
223	8	2	1	2	NA	1	0	5	0	1	1	5	3	0	NA	1	3	NA	1	NA	3	1	5	1	1	4	1	0	1	1	NA	0	0	3	4	4	0	0	3	NA	NA	1
224	4	3	8	0	0	3	NA	0	2	0	0	0	NA	NA	2	0	4	0	4	0	2	0	2	2	2	1	2	NA	4	1	NA	1	0	0	NA	NA	1	1	4	8	0	0
225	0	7	3	3	0	NA	8	0	5	3	NA	3	NA	NA	0	1	NA	4	3	0	0	0	NA	0	0	0	1	4	1	1	0	4	3	0	NA	0	3	2	0	1	3	1
226	0	0	0	NA	2	0	1	4	0	0	0	1	2	1	0	1	2	1	4	1	0	0	0	5	3	1	4	0	0	3	0	5	1	0	0	4	3	4	2	NA	0	NA
227	4	3	NA	NA	3	4	4	3	NA	2	0	1	0	NA	NA	4	2	0	1	5	1	NA	2	0	4	3	0	4	0	2	1	1	3	0	1	0	1	6	0	NA	4	0
228	2	3	1	2	2	1	0	NA	0	4	1	0	2	NA	0	3	2	NA	0	1	1	3	1	1	1	0	0	1	3	0	6	4	0	3	1	0	1	1	NA	0	3	1
229	1	0	2	0	NA	NA	0	0	3	1	0	0	NA	NA	0	0	0	3	1	0	4	2	2	1	0	0	NA	0	0	1	3	0	NA	1	3	1	1	0	0	3	3	0
230	2	0	1	0	2	3	1	0	3	1	0	NA	0	0	2	3	0	NA	0	1	3	0	2	NA	NA	0	4	1	3	4	1	5	NA	1	3	NA	3	1	2	3	1	3
231	0	3	3	NA	1	0	0	NA	NA	0	0	1	1	0	NA	4	3	2	3	5	0	1	0	2	0	0	NA	1	1	1	0	4	0	2	NA	1	1	3	1	0	0	NA
232	NA	8	0	0	0	0	0	4	0	4	3	0	0	0	2	2	4	1	0	1	1	NA	3	0	0	1	1	0	0	1	1	1	7	NA	4	4	NA	2	4	0	NA	1
233	5	0	3	NA	1	0	1	0	0	3	3	3	1	0	0	0	0	3	1	2	0	1	3	5	3	0	0	0	0	1	0	2	0	0	0	NA	2	1	3	2	1	1
234	NA	2	2	3	0	0	1	0	3	0	0	4	3	0	2	1	4	2	1	0	3	2	4	0	0	2	0	3	0	0	0	1	0	2	NA	1	0	NA	0	NA	2	3
235	1	4	0	1	0	1	3	NA	0	2	0	1	1	0	0	2	2	4	3	3	1	1	0	1	3	0	5	2	3	3	4	0	0	NA	0	5	0	0	4	1	NA	4
236	4	1	0	3	3	2	NA	3	2	4	2	0	1	0	0	0	NA	3	0	0	0	5	0	0	0	1	0	0	0	NA	NA	5	0	4	0	4	0	7	0	4	1	2
237	1	3	3	0	4	2	0	3	3	1	0	0	3	0	0	2	1	1	3	7	0	NA	1	0	3	NA	1	NA	4	0	3	3	4	2	1	1	0	0	1	0	2	0
238	1	0	1	0	1	0	3	1	4	4	0	1	3	4	0	0	0	1	1	1	0	NA	1	1	0	NA	0	3	3	NA	0	0	0	1	0	2	NA	4	0	0	NA	0
239	NA	1	3	0	2	1	NA	0	4	3	1	NA	0	2	0	4	0	0	0	NA	NA	0	NA	0	0	1	1	2	2	1	NA	1	0	NA	2	0	1	5	NA	1	2	0
240	1	0	1	2	7	3	3	2	NA	5	3	2	0	1	0	4	0	NA	NA	0	1	0	4	3	NA	NA	0	0	0	3	4	0	4	5	0	0	0	1	1	NA	2	1
241	1	1	1	1	0	2	0	NA	NA	2	2	1	3	3	0	1	2	0	2	4	2	1	NA	2	0	1	0	0	0	2	0	0	0	0	1	3	1	3	4	1	2	4
242	3	3	8	1	2	NA	0	0	0	4	0	0	4	1	0	2	1	3	1	0	3	4	0	0	4	4	NA	4	0	0	1	NA	1	1	4	NA	1	3	0	0	0	4
243	0	NA	5	1	1	2	1	0	NA	NA	1	1	0	0	0	0	0	1	NA	0	3	1	2	0	NA	NA	0	NA	1	0	0	0	0	0	NA	NA	0	0	2	1	0	0
244	5	2	0	0	0	0	0	0	0	3	4	0	NA	1	0	3	0	5	2	3	1	0	1	5	0	4	0	4	2	4	1	4	1	3	1	1	0	1	0	0	3	1
245	1	0	0	1	3	1	0	0	1	2	3	0	1	8	2	1	NA	4	3	1	1	6	0	3	5	3	NA	NA	0	0	1	2	3	1	0	0	5	0	1	1	NA	NA
246	2	4	0	1	0	0	0	0	4	3	0	NA	0	NA	0	2	0	1	1	1	0	3	3	3	4	5	2	3	0	0	3	1	0	1	0	3	4	3	0	2	3	0
247	0	2	2	3	0	0	0	1	3	0	0	0	3	0	NA	4	8	3	5	1	0	4	6	1	0	3	0	0	0	NA	1	4	0	7	0	2	1	0	NA	4	0	1
248	0	0	0	1	0	1	2	0	1	3	0	2	2	0	4	0	2	4	2	3	1	3	1	4	NA	0	1	0	1	NA	0	NA	0	0	0	1	2	2	0	0	2	1
249	3	2	4	0	5	1	0	1	0	3	0	3	NA	3	4	0	NA	4	1	0	1	NA	0	0	0	0	0	NA	0	8	2	1	1	7	5	3	2	1	2	0	0	4
250	0	2	3	4	0	0	0	1	1	1	0	4	0	4	2	NA	0	3	1	0	0	2	0	0	4	0	0	2	2	0	1	1	0	2	NA	2	1	0	1	0	3	1
251	0	1	NA	1	3	0	NA	4	0	0	1	3	1	0	NA	0	1	4	0	4	2	3	NA	0	3	1	0	3	0	3	1	4	0	4	1	4	3	4	1	3	NA	2
252	7	4	4	2	1	1	4	1	1	0	3	2	3	7	0	1	0	NA	3	0	4	3	0	0	3	3	2	1	0	0	4	0	4	0	3	0	NA	0	3	1	3	0
253	8	0	0	3	2	1	2	0	NA	1	NA	2	4	0	0	0	0	4	0	0	0	2	0	0	4	3	0	5	2	0	2	8	0	2	4	0	1	0	3	0	0	1
254	NA	0	0	0	4	2	0	1	0	1	NA	3	1	1	0	1	NA	NA	3	0	1	0	0	0	0	1	4	5	0	3	7	1	0	3	1	1	2	0	2	0	2	3
255	1	4	3	0	4	NA	3	1	1	3	1	1	3	4	1	0	4	4	4	0	1	0	1	0	0	NA	1	0	0	NA	NA	0	0	0	NA	0	1	2	0	NA	0	2
256	NA	0	1	2	3	1	0	0	NA	0	3	2	3	1	0	1	NA	1	4	3	0	3	0	NA	0	2	0	1	0	5	2	4	0	3	4	1	0	1	2	1	NA	2
257	4	0	1	8	0	7	0	1	0	0	3	0	0	0	0	3	2	1	NA	4	0	4	2	4	0	NA	0	0	0	1	3	0	1	3	3	0	1	0	8	0	0	4
258	0	3	0	0	4	NA	0	0	0	3	0	4	3	NA	NA	4	NA	NA	3	4	0	2	NA	NA	0	4	NA	2	NA	5	NA	3	NA	1	7	3	1	0	NA	1	0	1
259	1	1	1	1	1	3	1	3	0	1	1	0	2	1	0	3	0	NA	4	1	4	0	NA	3	NA	4	1	1	0	4	1	2	3	NA	3	0	3	3	0	NA	1	0
260	0	0	0	4	2	0	1	1	4	3	0	NA	0	NA	0	1	3	1	3	2	0	2	2	0	5	8	0	3	0	1	2	2	NA	8	0	0	1	NA	0	0	NA	2
261	3	1	0	0	3	3	3	1	3	1	0	3	NA	0	5	NA	3	0	0	2	1	2	0	4	3	0	7	3	1	1	4	3	0	3	3	0	NA	NA	NA	1	0	3
262	0	NA	3	NA	NA	1	2	0	NA	4	NA	0	0	2	0	0	1	1	1	1	0	NA	0	0	0	3	4	3	1	4	4	0	3	7	NA	0	3	1	3	3	0	0
263	1	0	2	3	0	2	3	8	4	3	3	1	0	3	0	0	NA	1	0	1	1	4	1	1	0	2	NA	0	0	3	3	0	0	NA	0	NA	NA	2	NA	0	3	NA
264	NA	2	5	1	3	NA	3	0	1	0	1	0	1	2	3	5	3	1	0	1	1	3	1	0	2	7	3	4	4	2	NA	2	2	4	NA	5	0	2	4	0	1	1
265	2	3	0	0	1	4	NA	2	0	2	NA	4	3	2	2	0	4	3	1	1	1	0	1	1	2	0	0	0	1	0	0	0	0	NA	NA	0	1	NA	4	0	NA	0
266	3	3	0	0	1	1	1	2	3	2	3	NA	0	1	1	1	1	NA	NA	0	4	1	NA	0	1	0	0	4	0	0	0	NA	2	4	2	0	1	NA	4	6	1	0
267	3	0	2	1	1	NA	1	1	0	0	2	3	0	0	0	4	0	3	NA	1	1	2	8	0	NA	4	1	NA	1	0	NA	2	0	NA	1	0	4	3	NA	NA	NA	3
268	7	5	3	0	0	0	2	4	4	1	1	1	1	NA	0	3	0	4	3	0	1	1	4	3	NA	1	4	0	0	2	0	4	0	0	2	2	2	0	0	0	2	2
269	NA	1	0	1	0	2	0	1	2	NA	2	2	3	1	4	0	4	5	0	0	0	0	3	0	0	3	0	3	4	0	0	0	0	3	NA	0	NA	1	3	NA	0	4
270	1	1	3	NA	NA	0	0	NA	3	0	0	1	1	0	0	3	2	NA	1	0	1	1	0	0	0	3	3	NA	3	5	1	0	0	4	2	0	2	1	2	2	0	NA
271	2	NA	0	0	1	2	3	3	1	1	NA	4	5	0	1	NA	0	1	4	4	1	0	3	2	0	2	1	4	2	0	0	0	0	3	3	1	1	0	0	0	2	1
272	NA	1	1	0	3	0	3	1	0	0	0	0	0	3	4	0	2	1	0	4	0	0	0	4	0	NA	7	2	1	0	1	NA	1	0	0	0	1	0	1	0	7	1
273	2	0	1	0	1	0	0	3	2	0	0	0	3	0	NA	1	0	NA	0	0	0	3	0	2	0	NA	1	2	3	4	4	0	1	0	NA	2	5	2	0	3	4	0
274	1	0	1	1	0	NA	1	2	4	0	1	0	4	4	3	1	1	0	1	3	3	4	2	0	0	0	0	0	0	3	1	4	0	1	NA	1	4	NA	1	1	0	4
275	0	0	0	1	0	0	3	3	0	4	NA	0	1	2	0	0	3	1	4	0	1	NA	1	1	1	4	NA	0	1	0	NA	0	2	0	0	3	0	5	0	0	1	0
276	0	4	3	0	NA	0	3	1	0	0	0	1	1	1	0	NA	NA	7	0	0	0	0	0	NA	0	1	5	1	5	1	0	2	1	0	1	2	0	NA	1	3	0	1
277	4	1	3	0	3	8	4	4	1	NA	3	3	2	1	0	3	0	0	4	0	0	1	0	0	0	0	0	NA	0	3	0	0	0	0	2	NA	8	0	0	0	3	1
278	1	4	2	0	2	1	1	5	0	2	2	1	3	1	0	3	0	0	1	4	0	3	0	1	0	3	0	0	4	2	0	3	0	NA	3	0	2	1	2	3	4	3
279	2	2	3	1	3	0	0	0	NA	4	4	3	3	0	0	0	0	3	NA	3	NA	0	1	0	2	1	1	0	1	3	2	0	4	4	NA	4	0	0	4	0	NA	0
280	3	1	3	0	3	6	0	0	4	4	NA	1	0	1	1	4	0	0	1	0	1	0	0	3	NA	NA	1	1	NA	0	3	NA	0	0	3	0	1	0	4	0	0	4
281	0	2	4	2	1	2	0	4	1	0	5	3	0	0	0	NA	0	3	0	0	1	0	4	1	NA	0	4	3	NA	3	1	0	3	7	3	5	3	0	1	4	NA	1
282	4	4	0	1	1	4	1	NA	4	0	0	0	1	3	1	4	1	NA	3	1	0	2	0	0	4	0	3	2	4	0	1	0	3	3	3	1	3	3	1	NA	3	1
283	0	1	NA	NA	5	2	0	0	4	2	0	8	0	4	NA	0	1	1	1	1	3	2	NA	NA	2	0	2	1	5	3	4	8	1	1	3	1	0	0	0	0	2	7
284	5	1	2	2	4	0	0	0	0	1	4	4	0	8	0	0	0	3	0	0	2	0	0	1	0	NA	1	1	0	1	4	0	8	3	NA	NA	0	5	2	4	4	4
285	0	4	0	4	0	7	NA	5	0	1	0	0	3	0	3	5	1	0	1	0	2	0	0	1	3	8	4	4	3	2	0	0	4	4	0	3	4	3	1	4	2	1
286	0	3	2	0	1	3	0	1	1	2	3	4	3	4	4	0	1	4	0	NA	0	4	3	0	3	2	4	3	1	2	NA	3	3	7	1	2	1	4	NA	0	1	0
287	0	3	0	3	3	3	NA	3	3	0	NA	0	4	0	1	0	1	0	NA	NA	0	0	2	0	0	0	0	1	4	3	0	0	NA	NA	1	3	1	2	0	1	0	0
288	5	4	0	3	4	NA	5	0	1	3	NA	7	0	4	3	0	1	4	0	NA	3	1	1	1	0	0	NA	0	NA	0	1	NA	3	4	NA	0	1	7	0	0	0	0
289	4	0	0	NA	0	0	0	3	0	0	0	2	0	0	2	3	0	4	4	1	1	NA	4	0	0	0	NA	1	1	0	NA	3	NA	NA	0	1	3	3	0	0	1	1
290	1	3	1	2	4	2	0	1	1	1	2	1	4	3	0	1	3	4	0	0	NA	2	1	NA	1	0	3	0	0	3	NA	0	1	1	NA	0	1	1	0	4	0	NA
291	3	0	3	2	0	3	NA	3	3	0	1	1	1	2	0	0	1	0	4	0	0	2	3	2	3	2	2	4	1	0	NA	3	2	2	0	3	1	0	3	0	0	0
292	0	0	0	0	0	3	1	1	1	0	0	2	0	3	2	5	1	6	3	0	0	2	3	4	3	4	3	0	2	NA	0	3	2	0	NA	NA	0	1	NA	5	2	0
293	3	7	0	0	3	0	0	3	1	1	2	3	NA	1	3	1	1	0	4	NA	5	0	NA	NA	1	0	NA	0	5	NA	3	0	0	3	1	NA	0	4	0	1	3	2
294	0	4	4	0	8	3	0	0	1	3	1	2	0	1	7	0	3	2	3	3	NA	5	0	0	0	0	NA	2	1	0	1	1	0	0	5	0	3	4	2	NA	0	0
295	4	1	NA	0	1	NA	0	3	0	1	1	1	1	0	0	1	2	4	NA	0	3	2	NA	0	8	3	0	1	0	3	NA	0	0	NA	1	NA	NA	0	0	4	1	3
296	NA	1	0	1	8	0	2	1	1	0	4	0	3	NA	4	NA	4	0	0	0	0	3	4	1	3	1	0	NA	1	1	0	0	0	0	0	2	0	0	1	0	1	3
297	1	3	NA	0	NA	2	0	4	1	1	0	0	0	NA	3	1	0	NA	1	0	4	2	1	2	NA	0	NA	3	0	4	0	2	2	4	1	3	0	1	3	3	1	0
298	3	1	1	1	0	1	1	1	1	0	3	0	NA	2	0	4	1	3	0	0	0	0	NA	4	4	NA	NA	0	0	4	3	2	NA	NA	0	4	0	0	4	1	0	2
299	0	2	3	NA	2	0	2	0	2	5	0	7	NA	NA	NA	0	4	2	0	2	0	NA	0	2	3	3	4	7	3	7	2	NA	NA	1	0	3	3	0	0	NA	0	1
300	1	6	8	3	1	1	3	3	1	4	3	NA	3	1	0	NA	0	NA	0	2	0	0	7	0	2	1	3	0	0	0	2	2	1	2	4	0	0	3	NA	1	5	0
301	0	0	1	2	2	3	0	0	0	0	0	2	2	0	1	1	0	0	4	1	1	0	0	1	0	1	0	3	0	2	4	1	0	1	1	1	NA	0	0	NA	3	4
302	3	2	NA	3	1	4	5	5	NA	0	1	0	2	NA	4	1	0	1	0	NA	0	4	0	0	0	2	0	0	0	4	NA	0	0	0	3	0	1	3	4	2	0	3
303	1	4	1	6	0	0	0	3	3	1	0	NA	1	NA	0	0	NA	1	NA	NA	0	4	3	NA	4	0	1	NA	0	1	1	1	3	3	0	NA	1	4	NA	4	0	0
304	0	NA	4	NA	3	3	0	0	1	1	2	5	0	3	3	0	0	1	0	0	0	NA	1	0	0	NA	2	0	NA	0	3	0	2	0	NA	1	0	0	1	0	0	3
305	2	2	3	1	4	0	3	1	3	3	0	2	0	4	4	3	4	NA	4	0	1	NA	4	NA	2	3	0	0	0	0	1	2	3	0	3	0	NA	1	0	0	1	4
306	1	0	0	1	3	1	0	0	4	0	2	NA	1	1	4	3	2	0	3	1	4	1	2	4	1	NA	NA	1	3	NA	0	0	1	NA	0	1	2	4	2	1	0	1
307	0	0	5	0	2	3	1	0	0	1	0	NA	4	4	1	3	0	4	0	1	4	0	2	0	0	NA	0	4	1	0	0	1	0	1	2	2	3	1	3	5	NA	3
308	0	3	0	3	2	NA	0	0	0	2	2	NA	2	2	1	1	NA	4	0	3	0	1	0	0	0	2	NA	4	0	5	NA	4	1	0	1	1	0	0	1	3	4	1
309	3	1	2	4	NA	0	0	0	4	0	4	1	0	1	0	3	3	8	NA	1	0	0	3	0	2	3	0	NA	4	0	2	NA	3	1	0	2	0	NA	2	1	3	0
310	NA	0	0	3	NA	2	NA	5	1	0	0	0	3	3	0	0	1	NA	2	1	0	1	0	0	2	3	1	0	0	0	2	2	2	0	0	2	1	0	0	0	0	0
311	NA	0	4	1	1	1	NA	8	2	7	1	1	2	NA	0	0	2	0	NA	2	1	3	1	0	3	4	4	5	3	1	2	0	NA	0	NA	1	0	NA	0	3	3	1
312	3	0	0	2	1	2	4	1	0	1	0	4	3	0	0	2	4	1	4	4	0	1	1	1	1	0	3	0	0	2	0	0	4	0	2	1	NA	0	3	4	0	1
313	3	0	0	7	NA	1	0	0	3	2	1	3	3	0	4	3	1	1	0	0	NA	4	NA	0	0	2	1	0	NA	2	NA	0	7	0	4	1	1	0	2	0	3	3
314	1	0	0	0	2	3	3	NA	2	NA	3	0	NA	3	1	0	0	4	0	0	0	2	3	1	8	5	0	3	3	2	1	NA	0	0	2	0	1	3	1	0	0	1
315	1	1	0	1	2	NA	0	4	0	0	2	NA	7	3	NA	0	0	0	2	1	0	1	0	1	1	7	1	4	NA	2	1	1	0	NA	3	3	3	8	1	NA	1	1
316	0	NA	0	0	1	0	3	5	1	1	4	4	4	NA	2	0	3	NA	2	3	4	3	NA	3	3	4	1	2	3	2	NA	2	NA	NA	NA	1	1	0	NA	NA	0	0
317	0	0	3	1	0	4	NA	0	4	4	4	3	4	4	0	0	0	0	1	3	0	4	0	0	0	0	4	3	NA	4	2	0	3	NA	6	0	1	NA	1	4	NA	0
318	3	8	3	3	3	0	NA	2	NA	1	5	0	0	0	3	1	NA	NA	0	NA	3	0	NA	4	7	0	1	2	NA	3	4	3	3	0	3	0	1	NA	4	2	1	0
319	5	1	2	NA	0	NA	1	0	5	0	1	1	2	NA	0	0	7	4	NA	NA	7	3	0	3	5	0	3	0	3	0	0	NA	0	1	4	1	2	1	3	2	5	3
320	3	4	3	0	0	1	0	0	0	0	2	3	NA	NA	4	3	4	2	0	0	0	7	1	3	4	1	0	0	0	4	1	0	0	0	0	3	3	0	5	0	NA	0
321	0	2	3	NA	0	1	2	NA	0	3	0	NA	4	1	0	1	4	3	NA	2	0	1	1	0	1	2	0	NA	1	0	0	3	3	1	0	3	4	3	0	4	0	1
322	3	1	0	2	0	3	0	3	1	NA	2	0	0	0	0	2	0	0	4	1	0	4	2	4	0	2	1	0	4	1	0	0	0	1	1	1	0	0	1	0	0	5
323	3	NA	0	0	0	4	2	4	2	2	1	NA	0	NA	2	0	2	4	1	3	1	3	2	2	0	0	0	5	0	2	0	3	1	4	0	2	2	1	1	4	0	0
324	1	1	NA	0	0	0	NA	0	1	2	2	0	2	0	0	2	1	0	NA	1	4	0	1	0	2	0	NA	1	1	4	3	0	2	3	0	NA	0	0	0	0	NA	1
325	5	1	2	3	1	NA	1	0	NA	NA	2	2	1	3	0	0	4	0	3	4	2	NA	0	0	1	0	1	1	0	3	4	1	2	NA	1	2	NA	0	1	3	3	1
326	3	1	0	0	0	1	3	3	0	3	2	1	NA	0	0	0	0	1	4	1	4	0	4	0	0	3	NA	1	2	NA	NA	NA	1	1	1	1	NA	3	3	0	4	3
327	2	0	2	3	0	3	8	0	2	0	1	3	0	0	1	4	0	1	1	2	0	0	0	1	3	NA	0	0	0	4	NA	NA	1	0	0	1	0	1	0	5	0	0
328	NA	3	2	NA	1	NA	3	3	3	2	4	NA	1	1	0	1	0	0	0	3	4	0	0	0	NA	0	0	2	NA	2	2	0	1	1	1	2	NA	0	0	0	4	3
329	NA	0	1	1	1	0	3	5	3	5	1	4	0	3	1	1	4	0	NA	NA	0	2	0	2	0	0	0	0	4	NA	6	3	0	0	0	2	0	0	1	0	3	1
330	4	NA	0	2	4	1	0	NA	0	4	2	4	0	0	0	2	0	3	1	4	NA	1	2	6	NA	1	0	0	0	5	0	1	7	NA	0	0	3	2	3	3	2	4
331	3	1	0	0	1	5	4	0	4	1	7	0	1	2	4	0	2	1	3	4	NA	2	2	0	3	0	4	NA	0	4	3	0	1	1	1	0	1	NA	0	0	1	NA
332	0	0	NA	0	3	1	2	1	1	3	1	2	NA	0	8	0	3	0	2	3	0	1	0	1	NA	0	3	2	2	NA	2	5	3	0	3	0	0	0	3	1	2	7
333	4	NA	0	NA	NA	0	0	1	1	1	8	NA	0	0	0	0	0	NA	4	1	0	NA	4	1	3	1	0	NA	7	0	NA	0	0	0	1	5	0	1	1	0	0	NA
334	2	2	4	3	1	0	3	0	5	3	7	2	4	0	1	1	0	0	0	0	4	1	0	8	0	2	1	1	0	0	1	0	0	0	4	4	3	2	0	2	NA	0
335	1	2	NA	6	1	0	3	0	1	1	NA	0	0	0	NA	4	2	0	2	1	1	NA	0	3	4	3	1	0	4	2	0	0	3	4	5	NA	0	1	2	1	3	0
336	0	3	1	2	4	0	2	1	2	3	0	0	0	0	2	4	0	1	0	0	3	1	0	2	0	0	2	0	3	0	0	2	NA	2	NA	4	0	0	0	0	4	7
337	5	3	1	4	0	4	1	3	2	0	0	1	NA	3	1	4	0	NA	3	NA	3	2	3	0	1	0	0	3	1	0	3	1	NA	1	1	0	5	1	1	0	2	2
338	0	0	4	1	0	0	5	0	5	4	NA	0	0	0	1	1	3	2	4	0	1	3	1	1	0	3	0	0	0	0	0	0	NA	4	0	1	0	2	3	0	0	4
339	2	7	0	1	0	0	NA	0	3	NA	2	4	1	0	2	0	NA	0	1	1	3	4	1	4	0	0	4	0	2	1	0	1	8	4	3	2	NA	3	1	1	3	NA
340	NA	NA	1	4	3	1	NA	3	1	3	0	5	3	0	3	0	0	2	0	NA	0	NA	0	0	NA	4	2	5	0	3	0	NA	4	3	4	3	1	3	0	0	4	1
341	1	3	4	1	0	4	0	2	0	5	3	1	3	NA	0	0	NA	1	NA	4	1	NA	4	2	1	3	1	0	4	0	NA	0	2	2	0	0	3	0	0	3	0	NA
342	0	1	2	2	0	1	0	5	0	1	3	4	3	4	NA	3	2	0	NA	0	3	0	3	0	1	0	3	3	2	4	1	4	0	1	0	0	0	5	0	0	1	0
343	0	NA	4	4	3	4	4	0	NA	NA	3	4	4	0	NA	3	1	NA	3	4	1	2	4	1	3	0	1	3	3	4	4	0	NA	2	4	0	0	1	3	2	NA	NA
344	1	NA	2	NA	3	1	0	NA	7	3	3	3	0	1	4	1	NA	1	2	0	0	NA	4	0	0	0	0	4	2	NA	2	NA	0	0	0	0	4	1	0	3	0	3
345	2	NA	7	0	4	0	0	1	0	1	NA	0	0	0	2	0	2	1	4	1	1	NA	0	3	4	5	2	4	1	1	0	3	0	0	NA	3	0	0	1	2	1	1
346	0	0	3	2	0	0	2	NA	0	2	2	3	0	1	NA	0	2	4	2	0	0	0	NA	3	3	3	0	3	2	0	1	1	0	0	1	0	1	3	4	1	1	3
347	0	2	0	1	0	3	1	2	0	3	2	8	8	3	1	0	2	1	0	0	2	4	2	0	4	0	3	1	0	NA	0	0	1	3	NA	4	3	2	3	4	0	3
348	4	6	0	4	4	0	3	0	0	0	0	0	0	4	3	3	0	4	2	2	1	0	3	1	5	0	1	0	NA	NA	0	NA	1	3	3	1	1	0	NA	0	0	1
349	0	NA	4	NA	0	0	1	3	NA	3	3	4	4	5	3	0	2	1	0	0	NA	0	0	0	1	NA	3	4	0	1	1	3	3	0	4	0	1	3	2	2	NA	0
350	0	NA	2	3	4	1	0	3	NA	3	0	1	3	NA	7	2	0	0	0	0	2	0	0	2	2	0	1	NA	1	0	2	3	3	1	1	1	1	1	1	0	0	1
351	0	8	4	3	0	1	1	3	1	3	0	0	1	0	NA	4	1	0	4	1	4	4	1	NA	3	4	0	NA	1	3	NA	0	0	1	0	0	1	0	0	3	0	0
352	4	2	1	3	3	1	2	0	0	4	0	0	4	2	0	NA	3	0	0	2	4	5	1	0	4	4	4	1	0	NA	0	3	2	4	0	NA	0	3	0	0	1	4
353	0	0	0	0	NA	4	NA	1	NA	1	0	0	1	7	2	0	2	0	0	0	0	0	NA	NA	4	1	NA	3	4	3	4	0	1	2	5	1	2	4	7	2	4	2
354	NA	4	0	0	4	1	4	NA	0	3	4	0	0	1	0	3	3	0	2	1	1	5	3	5	0	3	1	1	3	3	0	4	1	NA	0	NA	1	4	5	0	0	1
355	NA	4	1	4	0	0	NA	0	1	0	2	NA	0	4	0	0	0	0	0	0	NA	1	1	NA	7	0	3	2	NA	0	3	8	2	4	0	1	3	NA	0	0	1	0
356	0	1	0	4	NA	NA	3	0	NA	4	0	0	1	0	0	3	NA	0	0	1	5	NA	4	0	0	0	0	NA	1	1	0	0	3	5	1	0	4	0	3	1	5	4
357	0	4	1	2	1	0	4	0	0	0	5	1	3	0	0	0	3	3	0	3	0	3	0	3	0	3	0	0	NA	3	NA	2	0	3	1	2	0	1	4	NA	0	8
358	0	2	0	2	4	0	2	0	0	2	NA	3	0	0	0	0	1	NA	3	0	NA	NA	NA	4	2	4	NA	0	0	1	1	3	NA	1	4	7	1	3	0	0	1	1
359	1	0	0	0	3	1	0	0	3	0	1	1	1	NA	3	3	0	3	2	NA	NA	0	8	1	4	1	1	4	0	NA	1	5	5	0	3	NA	0	NA	0	1	2	0
360	0	0	0	3	1	4	NA	3	4	4	0	8	0	1	2	5	0	3	0	0	1	0	3	0	1	0	7	2	1	NA	3	3	6	4	4	0	NA	3	3	1	NA	NA
361	0	NA	0	2	NA	3	NA	0	4	3	1	1	1	1	4	0	0	1	0	4	1	0	4	3	2	1	1	2	NA	0	3	0	0	4	0	4	0	3	NA	3	0	0
362	4	1	4	3	2	1	5	0	2	0	0	0	0	0	3	NA	1	0	NA	0	2	0	NA	0	2	0	4	2	0	4	1	0	4	3	NA	3	0	0	0	NA	0	NA
363	NA	4	1	1	0	4	1	0	0	1	0	NA	NA	2	3	1	1	0	0	4	0	0	0	1	0	0	0	0	3	0	0	0	NA	4	0	4	0	0	4	3	3	0
364	0	4	0	0	0	1	0	1	1	2	1	0	1	NA	4	0	3	0	0	NA	0	0	4	0	2	7	3	5	5	1	4	3	0	1	2	1	1	2	3	0	4	1
365	2	1	1	0	NA	3	1	NA	3	1	3	3	0	NA	1	NA	7	1	0	1	NA	5	0	1	3	NA	0	1	2	7	3	0	0	0	0	0	1	1	2	2	NA	0
366	2	2	4	0	0	0	1	0	0	0	1	NA	4	0	1	2	1	0	4	4	3	5	3	NA	NA	0	1	1	0	1	2	0	0	4	3	4	8	0	NA	1	NA	0
367	4	1	2	4	NA	1	4	4	0	0	0	0	1	1	0	7	1	0	0	4	0	0	2	0	3	3	0	1	3	2	0	0	0	2	0	1	3	0	2	0	1	1
368	0	NA	4	NA	1	0	0	0	3	1	2	7	0	2	3	0	NA	8	1	1	3	8	8	1	0	0	0	0	0	NA	0	0	0	NA	1	5	NA	0	0	0	1	2
369	0	0	3	1	1	4	1	2	4	4	1	0	0	NA	1	0	0	2	3	2	0	1	1	1	0	2	2	1	4	0	0	3	NA	1	1	3	3	NA	2	0	0	0
370	0	3	0	NA	3	1	0	0	0	1	0	3	2	4	4	2	0	1	0	1	NA	0	4	0	0	NA	2	2	1	4	1	2	NA	0	3	1	2	2	1	0	3	0
371	4	3	0	1	0	1	2	4	1	0	1	0	0	0	0	0	0	0	NA	3	1	0	0	0	1	0	3	1	3	0	0	2	NA	2	0	NA	3	1	0	4	NA	0
372	0	NA	0	1	1	0	0	2	0	NA	0	3	3	3	0	0	1	1	1	3	0	1	1	1	3	7	0	3	4	1	2	4	2	0	3	1	0	4	0	0	1	0
373	7	0	1	4	1	3	1	3	3	0	4	2	0	0	0	4	0	NA	3	0	0	4	3	2	0	3	0	3	8	1	2	0	0	1	0	1	3	0	0	1	4	5
374	3	0	0	4	1	NA	2	4	3	0	0	2	1	1	0	3	5	2	1	3	0	4	0	NA	0	0	4	1	0	5	0	3	NA	NA	3	0	0	4	4	3	4	4
375	0	0	0	0	NA	1	2	0	3	2	0	2	1	3	NA	1	4	2	4	0	1	0	0	3	1	1	2	0	2	4	1	3	0	0	0	1	4	0	2	0	1	1
376	NA	7	2	NA	1	0	NA	1	0	NA	1	0	3	0	0	3	0	0	0	0	3	2	1	NA	3	1	3	2	1	NA	1	1	3	0	NA	1	1	2	1	NA	1	3
377	4	2	0	0	2	0	1	4	1	0	0	4	0	1	1	3	5	4	1	0	0	0	4	0	NA	0	0	5	5	0	1	2	NA	1	1	1	1	3	0	3	0	1
378	0	0	0	3	2	0	3	0	0	4	0	0	2	1	1	4	0	1	2	4	1	0	3	4	NA	NA	0	1	3	1	4	4	0	0	0	2	0	0	0	0	NA	2
379	1	0	0	0	2	3	3	4	0	4	4	0	1	3	3	1	5	6	7	0	0	1	3	0	4	1	0	0	0	0	1	4	1	0	4	4	3	1	3	NA	1	0
380	0	0	0	0	NA	4	3	0	0	0	5	1	3	NA	3	3	0	0	4	0	2	4	4	0	0	NA	5	4	2	3	0	3	NA	0	0	1	4	0	0	NA	1	0
381	2	1	8	4	4	0	3	3	0	2	3	1	0	4	1	NA	0	3	NA	0	2	0	0	NA	0	1	NA	NA	1	0	1	4	0	NA	0	1	0	0	0	3	3	0
382	4	4	1	4	0	0	2	3	0	4	4	0	3	1	NA	NA	1	0	1	0	2	0	0	1	4	0	1	4	2	4	0	0	0	4	0	0	0	0	1	4	1	1
383	8	2	4	NA	0	1	2	2	0	1	2	0	1	0	0	0	4	0	0	0	4	3	0	5	3	1	3	3	0	2	3	0	0	4	NA	0	0	4	1	1	NA	0
384	0	1	3	0	0	4	0	0	0	4	1	4	0	3	0	1	2	0	1	1	2	0	0	4	NA	2	NA	3	1	NA	3	1	2	0	1	1	0	0	3	0	2	3
385	NA	0	0	0	NA	NA	NA	1	0	NA	1	0	2	1	NA	2	8	0	4	0	0	8	0	NA	1	1	1	NA	0	0	0	1	0	2	1	3	0	NA	4	3	0	5
386	NA	NA	1	NA	0	1	2	0	0	1	0	3	1	2	0	NA	4	1	0	3	0	4	0	3	1	0	NA	0	0	3	0	0	0	3	0	0	1	0	1	4	4	1
387	0	2	NA	0	2	0	0	1	3	3	3	0	0	3	0	0	2	4	1	0	NA	0	0	0	2	4	3	1	0	0	0	NA	0	NA	1	NA	8	7	0	4	NA	0
388	NA	0	4	0	3	2	1	NA	2	2	NA	3	0	4	3	NA	0	NA	0	7	0	1	1	1	0	0	0	2	1	1	2	0	1	3	NA	1	1	5	4	NA	1	0
389	1	NA	3	0	0	1	0	0	1	NA	3	0	NA	0	1	1	0	4	NA	4	3	3	0	3	1	1	0	6	NA	NA	4	0	1	4	1	0	0	4	4	2	3	NA
390	0	NA	3	2	0	4	5	0	0	3	1	NA	3	4	8	0	4	NA	NA	3	1	0	1	3	0	4	1	0	2	0	0	1	0	3	4	1	2	2	2	0	0	1
391	0	5	0	0	2	NA	3	1	1	4	4	0	3	4	1	0	4	1	0	4	NA	1	2	0	5	3	0	0	0	1	1	3	0	1	1	NA	4	1	7	2	NA	2
392	0	3	3	5	4	4	4	2	4	1	0	0	4	3	5	3	3	0	0	NA	0	0	0	2	3	0	1	2	0	NA	3	2	4	7	4	1	0	2	2	4	0	NA
393	2	1	NA	NA	1	0	1	4	0	3	2	0	4	0	3	8	0	2	0	1	NA	NA	4	8	0	1	4	4	1	0	0	1	2	NA	1	2	2	NA	0	0	0	4
394	NA	0	0	4	3	2	1	3	3	0	5	4	0	0	2	0	3	0	8	3	1	NA	0	2	0	0	NA	8	3	2	2	0	3	1	0	8	NA	1	0	0	0	NA
395	0	0	8	1	0	1	1	5	0	0	0	2	NA	0	3	2	1	2	7	2	0	3	1	0	NA	3	0	1	0	1	0	4	4	0	3	2	0	4	1	1	0	1
396	3	3	0	0	NA	3	0	0	0	1	1	0	0	0	NA	0	2	0	0	1	0	4	0	3	1	1	0	4	1	1	NA	2	1	5	1	1	NA	1	3	3	1	2
397	1	0	0	5	4	3	1	0	0	1	4	0	0	0	2	1	1	0	NA	0	7	1	1	1	NA	8	1	3	4	2	2	3	4	1	0	0	2	3	1	0	3	7
398	4	4	0	0	NA	3	8	4	NA	1	1	4	NA	0	NA	3	0	1	NA	0	1	NA	2	2	4	0	0	4	2	2	2	1	0	2	5	0	0	1	NA	0	0	2
399	1	2	0	2	0	2	0	0	3	4	1	4	2	0	5	1	3	3	0	2	0	1	4	8	0	0	0	0	0	4	0	0	1	0	NA	NA	0	0	NA	NA	0	5
400	0	4	NA	3	1	3	0	1	2	0	3	0	0	0	2	4	1	5	1	0	NA	2	0	0	0	1	0	3	0	0	3	2	0	5	0	NA	8	2	3	2	2	3
401	1	NA	0	NA	1	0	0	1	1	1	0	0	0	0	0	1	0	3	5	0	0	0	0	2	2	1	2	1	1	0	8	3	3	2	4	1	1	0	2	3	1	0
402	0	1	3	1	4	NA	2	1	0	2	NA	1	3	4	2	NA	0	0	0	NA	0	1	NA	0	2	1	2	2	3	NA	3	1	NA	2	3	3	NA	NA	0	NA	3	2
403	NA	0	NA	2	NA	0	0	2	1	2	7	1	0	2	0	1	0	3	1	2	0	1	0	3	1	1	NA	4	0	0	1	0	0	0	0	0	1	1	1	0	2	8
404	0	NA	1	0	1	2	0	3	3	NA	3	1	NA	3	2	0	NA	3	4	0	3	2	3	1	0	0	NA	0	1	4	2	2	0	3	3	3	0	2	0	4	3	0
405	2	3	2	3	0	1	2	1	1	0	2	3	0	NA	0	0	NA	2	1	2	1	3	3	4	2	2	3	4	0	1	3	0	0	0	8	0	NA	0	1	0	NA	5
406	1	3	0	0	0	1	NA	3	1	4	2	0	0	1	0	0	NA	NA	3	NA	0	0	0	1	3	1	1	0	0	3	1	4	1	0	0	1	0	0	0	NA	3	1
407	NA	NA	0	NA	3	3	4	NA	0	1	0	0	5	3	0	NA	1	0	0	1	NA	0	2	5	0	0	0	3	3	1	2	0	4	0	4	3	4	0	0	0	2	0
408	2	0	NA	2	0	1	2	0	0	0	2	2	3	1	4	4	4	3	2	0	0	0	0	3	0	NA	0	NA	1	NA	0	1	0	0	1	2	1	NA	NA	1	2	4
409	2	1	0	0	3	0	4	NA	0	1	1	4	1	1	1	1	0	0	1	1	1	1	1	5	3	1	3	3	3	3	1	4	0	3	1	2	0	0	4	2	5	1
410	2	3	0	0	2	0	NA	1	4	3	1	0	NA	1	0	0	0	2	0	NA	4	NA	0	0	NA	0	0	8	0	2	NA	2	2	0	4	1	NA	1	NA	3	NA	0
411	5	3	0	0	0	8	0	0	2	3	3	0	2	NA	0	0	0	0	0	0	4	1	1	0	0	0	3	0	0	0	0	2	0	1	3	4	1	NA	0	0	2	NA
412	1	3	1	0	0	NA	1	1	0	0	0	NA	1	3	0	0	3	2	4	1	0	2	4	1	NA	0	2	2	0	4	7	4	7	0	NA	3	0	0	4	NA	1	4
413	NA	0	0	0	1	NA	0	1	1	0	4	4	7	NA	NA	0	0	0	1	4	3	0	0	7	0	0	0	0	0	1	1	1	3	4	0	4	2	NA	2	4	0	1
414	3	NA	2	2	2	NA	0	1	1	2	3	3	2	1	0	3	4	0	NA	1	8	0	2	0	0	1	4	3	NA	4	0	3	5	0	1	1	0	3	5	4	2	3
415	0	1	0	0	2	4	0	0	1	0	4	0	NA	5	NA	1	0	1	1	1	2	4	4	0	NA	3	4	1	2	4	0	1	0	0	0	4	0	0	0	0	NA	1
416	1	0	0	4	1	NA	0	2	0	1	0	3	1	0	0	1	0	2	7	2	1	0	2	0	NA	0	NA	0	1	1	5	2	0	4	5	0	1	1	3	4	3	4
417	0	2	8	3	NA	2	2	3	0	1	1	4	2	3	0	0	NA	0	0	1	0	4	NA	2	1	1	NA	2	0	0	NA	5	0	3	0	NA	0	1	NA	3	0	2
418	7	0	0	1	NA	0	1	2	0	1	4	0	4	8	3	3	NA	3	0	3	0	3	3	NA	0	2	0	4	0	0	8	7	2	NA	0	NA	NA	NA	0	0	1	4
419	NA	0	NA	3	4	4	0	4	1	4	3	3	0	2	2	3	1	1	2	0	2	2	3	2	NA	NA	0	NA	0	0	NA	NA	0	3	1	2	3	8	1	1	0	1
420	1	1	2	NA	0	7	0	0	0	3	3	1	NA	0	2	0	NA	0	2	NA	NA	0	2	0	NA	1	2	1	0	0	1	0	4	3	2	3	4	6	1	2	1	8
421	1	4	NA	1	4	0	7	0	1	1	1	0	1	4	0	4	2	3	0	NA	1	3	NA	0	4	NA	2	2	0	0	3	1	NA	0	3	NA	2	1	0	2	NA	1
422	1	2	1	NA	1	0	0	1	0	0	3	2	1	1	3	3	1	0	3	1	0	NA	1	0	NA	5	NA	1	3	0	1	3	NA	0	2	5	NA	1	0	0	0	3
423	0	3	NA	0	1	0	5	2	1	0	0	0	0	2	1	4	0	2	1	0	0	1	2	0	1	1	0	1	1	1	0	1	4	0	3	0	1	1	3	4	NA	4
424	NA	3	0	2	3	1	1	0	NA	4	0	1	0	2	NA	4	3	1	0	0	1	3	1	5	0	0	0	NA	0	0	2	5	NA	3	4	1	1	0	3	0	3	0
425	1	0	4	4	1	NA	3	0	0	2	2	NA	2	1	4	0	0	3	2	NA	4	3	2	7	1	0	0	1	1	3	4	0	0	2	0	3	3	1	0	1	1	3
426	8	NA	0	2	NA	0	1	0	3	0	4	0	0	0	NA	0	NA	NA	2	3	0	NA	1	1	0	NA	NA	2	0	0	NA	0	3	1	0	0	0	4	1	2	NA	0
427	2	1	3	3	NA	3	NA	0	3	3	0	3	2	1	0	0	0	1	0	0	4	7	1	NA	0	0	1	4	0	0	4	1	3	NA	0	0	4	3	0	NA	0	1
428	3	0	0	1	8	0	0	2	3	0	2	0	2	2	1	3	0	2	0	2	8	5	1	1	0	0	1	0	2	0	0	0	4	8	3	0	1	NA	0	7	1	NA
429	NA	1	0	0	0	3	0	3	3	0	7	NA	4	1	1	4	0	1	1	3	NA	0	NA	3	1	2	0	2	0	NA	NA	0	1	0	4	0	4	3	0	1	3	NA
430	0	4	1	0	1	0	0	1	4	3	4	1	2	0	1	1	1	0	1	1	3	NA	0	NA	NA	1	1	2	0	2	2	3	4	4	NA	0	3	0	0	0	3	1
431	1	1	1	0	1	0	0	3	0	4	4	0	4	NA	3	1	0	0	4	3	0	NA	2	0	NA	4	3	0	0	0	0	3	1	4	3	3	0	NA	4	2	0	0
432	0	4	0	0	0	0	0	0	0	4	3	1	4	0	NA	NA	1	2	1	0	4	1	5	1	0	0	1	0	2	0	3	1	4	1	1	0	NA	4	2	1	3	3
433	0	0	2	0	0	3	0	1	NA	1	0	3	0	1	NA	NA	1	2	2	3	3	3	NA	1	4	1	NA	1	0	0	1	2	0	1	NA	NA	1	NA	4	1	1	NA
434	0	3	3	1	0	0	1	2	0	4	0	NA	1	0	0	1	0	3	0	NA	4	1	1	0	2	3	3	2	0	1	0	1	0	3	3	1	0	4	4	3	3	1
435	0	0	1	0	2	3	3	4	2	0	1	3	0	0	1	4	0	0	1	1	0	2	2	0	1	1	0	0	1	1	0	1	0	NA	0	NA	1	1	2	NA	0	0
436	3	NA	0	NA	5	0	2	3	4	0	4	2	0	0	0	NA	3	2	2	1	5	1	3	3	0	4	0	7	4	1	1	0	2	0	0	0	0	0	2	3	1	4
437	NA	4	0	4	0	1	0	3	0	3	1	1	1	0	4	0	1	0	1	7	0	0	1	0	0	NA	0	3	7	4	1	4	0	0	1	0	NA	NA	0	0	3	NA
438	1	6	0	3	3	0	0	0	0	1	3	NA	0	1	1	5	1	0	0	2	3	3	1	1	1	3	4	2	1	7	NA	2	2	0	0	0	0	8	1	1	3	3
439	4	4	0	3	NA	1	0	3	1	1	0	3	2	4	1	0	0	4	1	3	2	3	0	2	0	1	NA	1	0	1	1	4	1	2	NA	1	NA	0	NA	0	1	3
440	0	NA	0	2	NA	4	2	2	1	4	1	0	0	3	4	0	1	1	8	NA	3	0	NA	NA	NA	5	7	NA	0	0	3	1	3	1	4	2	0	0	1	NA	1	0
441	3	0	0	3	2	NA	1	0	5	1	0	0	1	0	3	4	0	0	0	NA	3	0	0	2	NA	1	0	4	NA	2	4	1	3	3	1	2	1	2	2	2	7	3
442	1	3	0	NA	4	0	1	NA	0	0	0	1	0	3	0	1	1	3	0	1	NA	1	0	1	0	3	2	1	0	1	NA	0	0	4	7	0	1	0	0	0	2	0
443	NA	0	0	3	NA	3	0	NA	0	NA	0	NA	1	1	4	0	0	1	1	NA	NA	4	4	0	1	0	0	0	1	4	4	0	1	3	2	3	3	4	4	1	1	4
444	3	NA	0	1	3	1	NA	NA	2	0	1	5	3	4	4	0	3	0	0	0	3	NA	1	0	3	0	0	4	1	0	2	1	0	3	4	3	0	0	1	0	0	1
445	1	0	0	0	0	NA	NA	1	0	NA	0	0	5	1	8	4	0	1	0	0	4	2	4	0	4	3	0	NA	2	1	0	1	4	1	0	1	NA	1	0	0	0	1
446	0	0	0	2	1	0	0	3	1	1	0	3	0	0	4	0	0	3	3	NA	3	NA	3	1	5	0	0	4	NA	NA	1	0	1	0	4	0	2	2	3	4	2	0
447	3	1	1	0	NA	NA	NA	2	0	1	NA	0	0	1	NA	0	0	1	3	0	8	2	4	1	0	NA	6	1	0	0	7	4	1	0	2	NA	3	0	NA	1	0	NA
448	1	1	0	NA	3	2	0	4	0	0	2	0	2	4	NA	4	0	NA	NA	0	2	0	4	0	1	NA	1	3	NA	4	0	NA	2	1	0	0	0	7	0	3	1	3
449	0	4	0	0	5	NA	0	1	2	0	4	2	NA	3	4	7	4	1	0	3	NA	3	0	NA	NA	1	4	3	NA	3	0	0	5	1	5	NA	NA	0	0	NA	0	1
450	1	1	0	0	4	0	2	1	NA	3	0	1	0	3	1	0	1	3	1	5	2	2	1	0	1	0	0	2	0	0	0	3	0	3	1	1	5	0	0	4	3	NA
451	0	0	NA	0	0	0	NA	0	0	1	5	3	0	0	1	0	2	NA	0	4	0	1	0	1	1	3	2	1	3	1	4	0	1	3	0	4	3	0	2	0	3	0
452	1	0	NA	4	NA	NA	0	4	0	0	0	NA	4	1	0	0	0	4	NA	1	1	2	2	NA	2	5	0	1	0	1	1	1	0	0	1	0	1	3	0	3	1	4
453	3	4	0	1	4	NA	3	0	0	3	0	NA	1	0	0	0	0	0	0	1	NA	2	0	0	1	3	0	NA	1	NA	0	0	0	0	3	0	2	1	NA	0	1	2
454	3	NA	NA	4	0	2	1	1	0	0	0	2	3	0	0	0	1	0	1	7	4	NA	4	3	1	0	1	0	3	0	5	1	1	1	0	2	0	0	0	1	4	3
455	1	2	0	2	NA	1	0	1	2	5	2	0	0	1	0	3	NA	2	4	NA	0	0	0	0	1	4	0	0	0	5	1	0	5	4	0	3	1	1	0	1	0	0
456	0	NA	5	4	1	NA	1	1	0	0	3	0	1	1	4	3	0	0	1	5	0	0	3	4	4	1	1	NA	0	4	1	4	4	0	5	NA	1	3	1	3	2	0
457	5	1	0	4	2	7	0	1	1	0	1	1	0	4	0	1	NA	NA	0	1	0	0	1	0	NA	1	2	0	0	0	3	0	5	5	5	4	0	0	0	0	1	NA
458	1	3	NA	1	1	1	0	0	0	0	1	0	0	3	1	0	0	0	3	1	4	0	0	0	4	3	3	0	4	0	1	4	1	0	0	NA	0	2	1	1	7	0
459	1	2	0	1	0	3	2	1	NA	2	1	1	1	0	1	NA	3	3	0	NA	2	0	1	0	2	NA	0	4	4	1	0	0	0	3	0	0	0	0	0	0	4	3
460	1	NA	NA	3	1	1	2	0	0	0	0	1	0	5	1	2	4	0	2	3	0	NA	3	0	1	1	2	5	3	1	0	3	0	3	0	1	2	4	2	4	3	2
461	0	1	3	3	3	3	0	3	2	4	1	0	0	4	5	1	0	NA	0	0	0	0	0	NA	0	2	0	0	1	2	0	0	3	1	3	0	3	2	1	0	1	0
462	0	4	3	0	1	0	2	0	4	3	4	NA	1	4	1	3	1	4	NA	1	2	NA	0	0	0	NA	2	1	0	5	3	NA	0	NA	3	0	NA	0	1	2	3	NA
463	0	NA	3	0	0	1	0	3	0	0	1	5	0	NA	2	3	2	NA	0	1	2	1	0	3	1	2	0	2	0	0	4	1	1	2	1	0	2	0	NA	2	0	0
464	0	0	0	2	4	NA	1	NA	4	0	0	4	2	3	NA	0	2	1	0	3	2	4	3	4	4	0	1	3	1	1	1	1	3	3	0	NA	NA	0	4	3	1	NA
465	0	0	4	0	7	3	1	0	4	1	NA	3	2	0	3	NA	1	0	3	2	1	0	1	1	1	3	2	0	3	1	NA	7	1	0	3	5	NA	1	3	4	0	4
466	4	0	4	0	3	4	4	2	0	NA	0	1	0	2	0	1	0	1	3	3	0	0	4	0	NA	0	2	NA	0	0	0	0	0	0	3	3	2	0	2	0	3	2
467	6	4	3	0	3	1	1	0	0	0	1	0	0	3	1	2	NA	2	3	3	1	4	0	1	3	0	2	4	0	3	1	4	0	NA	1	NA	0	2	1	3	3	4
468	NA	0	NA	1	1	3	0	0	0	3	1	1	0	1	0	1	0	NA	NA	0	NA	1	0	1	0	1	NA	NA	0	NA	5	1	2	0	0	0	0	1	0	0	2	3
469	1	4	NA	0	3	0	1	5	0	5	0	1	2	3	0	3	2	NA	2	0	1	1	1	4	2	0	8	4	1	NA	3	0	0	NA	NA	0	8	1	1	0	1	3
470	3	0	2	3	0	1	3	0	0	0	3	0	0	3	NA	NA	0	2	4	0	3	NA	3	2	1	0	0	3	0	0	1	0	0	1	3	0	1	1	NA	1	0	4
471	1	NA	8	NA	0	0	0	NA	1	3	2	8	2	0	3	1	3	NA	1	0	3	1	4	3	NA	NA	0	1	4	1	NA	4	0	3	2	8	5	8	0	NA	4	0
472	1	0	2	0	7	NA	0	NA	2	0	0	1	0	0	0	0	0	0	0	NA	1	2	1	0	0	0	3	0	2	0	1	1	3	1	NA	0	0	0	NA	1	4	1
473	1	1	NA	7	2	5	0	0	0	1	0	3	4	0	1	1	NA	0	3	NA	3	0	3	NA	1	0	1	0	0	0	0	NA	0	1	0	0	0	1	3	4	0	1
474	0	5	0	0	NA	1	1	0	NA	0	NA	3	3	3	8	NA	0	NA	0	1	0	3	0	0	4	0	3	NA	0	1	NA	2	1	3	NA	0	NA	NA	1	NA	8	1
475	4	3	1	NA	1	0	0	3	4	2	2	0	3	2	8	0	4	2	3	0	0	2	3	0	0	0	NA	1	5	0	NA	1	0	2	0	8	1	0	0	2	7	0
476	4	0	0	0	0	0	7	2	0	0	1	0	0	2	4	NA	1	0	NA	2	2	0	0	3	NA	0	4	0	3	1	0	1	0	NA	0	0	1	4	2	4	0	2
477	2	0	3	2	2	0	0	1	3	0	0	1	0	3	4	NA	0	3	0	3	0	3	1	NA	1	2	0	0	NA	0	0	0	0	0	0	3	0	0	0	8	0	NA
478	1	1	3	2	3	0	0	3	1	5	0	0	4	0	3	2	4	3	4	NA	NA	2	8	2	0	NA	0	0	0	1	1	1	0	1	0	0	1	0	NA	0	2	2
479	NA	0	2	1	NA	3	1	NA	4	1	1	2	0	1	0	1	NA	4	0	0	0	0	0	3	1	3	3	0	0	8	4	1	5	0	0	0	3	NA	4	1	7	8
480	1	3	2	NA	0	0	2	7	1	1	1	NA	NA	4	1	3	2	0	2	1	0	1	1	0	0	0	5	0	4	7	0	2	0	3	0	1	0	1	0	0	0	3
481	1	2	0	2	NA	0	3	2	3	0	6	0	3	1	4	1	1	NA	0	NA	0	0	2	2	0	3	1	1	0	1	2	2	0	NA	4	0	3	NA	NA	3	0	3
482	NA	2	NA	0	0	1	0	4	0	0	NA	1	1	0	0	1	3	1	NA	0	NA	1	4	3	2	NA	0	3	0	3	4	0	1	1	3	NA	0	NA	0	5	0	1
483	3	2	0	0	NA	8	3	NA	3	0	1	0	0	2	3	4	5	2	3	2	1	0	1	0	3	2	1	1	1	4	3	1	0	3	1	0	2	3	3	3	3	NA
484	0	4	0	1	1	4	1	3	2	0	0	0	3	4	1	3	1	0	0	NA	2	NA	NA	NA	1	0	4	1	NA	1	2	3	0	1	1	1	NA	8	0	0	0	1
485	0	NA	2	0	2	1	0	0	3	3	0	4	1	NA	1	NA	1	2	0	0	4	0	0	2	0	3	0	2	0	4	4	1	4	3	0	4	1	0	0	3	0	NA
486	NA	1	1	3	0	3	3	0	8	0	0	0	3	3	2	0	1	0	NA	NA	3	0	0	1	4	0	2	0	1	4	NA	3	1	0	1	NA	0	0	NA	3	0	4
487	2	3	4	0	NA	2	NA	1	2	0	0	NA	0	0	0	3	0	0	0	0	0	4	0	0	0	NA	1	0	2	0	0	1	2	0	0	0	3	NA	1	4	1	0
488	0	0	4	3	0	1	3	1	2	2	NA	0	1	0	0	3	1	4	1	4	0	3	4	0	5	0	NA	4	NA	3	3	0	NA	0	NA	0	0	1	4	NA	NA	0
489	2	1	2	4	3	3	2	0	2	0	1	0	0	0	NA	2	0	4	2	0	0	NA	5	0	2	0	0	0	0	3	0	3	1	4	4	5	NA	0	0	0	0	0
490	0	0	1	0	2	4	1	2	0	NA	0	0	1	3	0	3	4	2	0	0	0	5	1	2	0	0	2	0	0	1	3	0	0	4	3	4	4	0	0	0	4	4
491	2	1	0	2	0	NA	0	0	3	3	1	5	8	NA	3	0	0	2	1	NA	0	0	0	4	1	0	3	2	2	4	0	4	1	0	NA	1	1	NA	3	4	NA	2
492	3	NA	0	2	0	0	0	1	0	1	0	1	1	3	4	NA	NA	0	1	2	0	3	0	1	2	4	0	5	3	0	3	0	0	8	0	0	0	1	0	0	0	0
493	0	4	0	4	4	NA	1	0	1	0	0	1	1	0	4	1	0	0	1	1	0	NA	3	1	1	1	1	0	2	1	3	0	4	3	1	4	NA	0	4	1	4	8
494	0	0	1	0	NA	4	NA	0	NA	2	0	0	5	0	0	0	NA	2	1	0	NA	0	1	NA	7	0	1	2	0	3	4	1	NA	2	0	1	1	3	4	4	0	0
495	3	1	2	4	0	0	1	2	2	0	3	1	3	4	NA	0	4	0	1	0	5	2	1	0	3	0	1	NA	1	1	0	1	0	1	3	1	NA	0	0	4	1	0
496	1	0	4	NA	0	2	2	4	4	5	0	4	5	0	5	0	0	3	1	1	8	0	0	0	5	NA	1	8	0	0	0	0	0	4	3	3	0	8	NA	5	2	0
497	0	4	0	1	4	0	NA	0	4	0	3	0	1	0	4	3	0	3	NA	2	0	0	1	0	0	0	NA	0	0	0	1	1	0	NA	0	0	NA	1	2	2	4	3
498	2	1	1	NA	1	0	1	0	5	0	7	NA	0	3	0	1	NA	0	NA	1	0	0	0	NA	NA	0	4	0	0	3	NA	1	1	2	0	1	3	3	0	4	0	1
499	3	3	NA	2	2	1	1	1	5	0	0	3	NA	0	NA	1	0	3	3	4	0	1	0	5	NA	0	NA	1	0	0	0	0	5	NA	0	3	0	0	NA	0	3	0
500	3	6	0	3	1	0	0	2	0	5	1	2	3	4	0	4	0	0	NA	3	1	1	0	1	0	0	0	0	0	1	0	2	2	NA	7	3	NA	1	0	2	NA	3
501	4	0	1	3	0	1	0	NA	0	0	3	3	NA	2	0	3	0	1	NA	3	0	NA	0	3	0	1	3	4	4	0	3	2	3	NA	2	0	5	5	3	1	NA	0
502	0	NA	3	1	0	NA	NA	0	0	1	0	0	1	0	0	0	4	0	NA	1	0	0	3	0	4	1	0	1	3	0	1	0	4	4	0	0	1	0	3	3	4	0
503	0	0	0	1	2	0	3	2	4	0	0	0	4	NA	1	2	3	1	2	1	1	3	3	1	1	4	3	1	NA	NA	1	2	0	1	0	0	4	3	1	0	0	0
504	3	3	NA	3	0	1	3	0	NA	1	0	3	3	1	1	2	2	NA	0	3	4	1	NA	0	1	NA	2	0	3	0	1	0	1	NA	2	0	1	NA	0	8	4	3
505	2	NA	0	0	0	NA	0	4	0	2	0	1	1	4	0	1	1	4	0	3	0	0	0	3	NA	0	0	0	0	3	2	1	3	NA	4	0	0	1	0	3	NA	4
506	0	0	0	1	2	4	0	2	NA	2	1	2	3	2	0	7	7	2	8	0	3	2	4	0	3	0	1	0	1	2	3	1	7	1	3	3	3	3	0	NA	NA	0
507	0	3	0	1	0	1	0	3	0	1	0	2	0	2	2	4	1	1	1	0	5	NA	0	0	NA	2	0	1	0	NA	NA	0	1	0	3	3	4	3	NA	1	4	3
508	1	0	1	0	NA	1	1	8	0	2	3	NA	1	1	0	0	0	5	3	0	3	0	NA	NA	0	0	1	0	0	1	1	2	4	4	4	3	0	1	0	3	1	0
509	4	1	NA	0	0	0	0	4	NA	0	1	0	0	NA	5	5	1	0	4	1	0	0	0	1	2	NA	0	0	0	3	7	1	NA	3	2	3	NA	0	1	8	1	NA
510	1	0	NA	3	NA	NA	2	4	1	1	NA	3	NA	NA	8	0	2	4	3	5	0	0	3	NA	4	NA	3	0	NA	1	2	0	2	0	1	1	4	NA	4	0	3	NA
511	0	3	2	1	0	0	0	4	7	5	NA	1	2	0	3	0	2	1	0	0	2	3	0	2	3	4	0	0	0	0	8	4	3	0	0	4	4	7	0	3	NA	0
512	0	1	2	0	0	0	3	2	2	4	0	3	2	7	1	3	1	NA	0	2	1	1	4	0	3	1	0	NA	0	0	5	0	4	1	0	0	3	0	5	1	0	2
513	3	1	NA	4	4	0	0	0	1	0	NA	3	1	0	1	1	4	3	3	3	2	NA	2	0	1	0	0	0	1	0	0	3	1	0	0	2	NA	1	0	3	NA	NA
514	4	1	2	1	2	1	1	5	4	2	1	3	0	1	0	0	NA	4	0	1	0	0	NA	7	0	NA	0	NA	2	NA	3	3	3	1	3	0	NA	3	4	0	0	2
515	1	NA	2	0	0	2	1	NA	0	3	0	0	2	0	0	0	3	0	1	5	3	3	4	3	0	0	3	1	0	0	NA	4	1	1	2	4	0	3	1	0	0	NA
516	3	0	0	4	4	1	0	NA	0	2	0	3	NA	0	2	1	1	NA	2	0	0	0	8	2	0	0	0	5	NA	1	0	0	0	2	0	0	0	NA	2	2	0	5
517	0	1	2	1	2	NA	0	0	2	1	0	1	NA	2	2	2	0	0	4	3	3	4	NA	2	1	1	1	3	0	2	0	8	0	2	1	4	3	2	0	1	0	3
518	3	0	0	1	NA	NA	0	NA	3	2	0	1	0	0	2	0	1	0	0	1	NA	0	0	0	0	4	1	4	1	NA	0	1	0	0	4	0	NA	5	1	1	0	1
519	4	NA	1	5	4	0	1	0	0	0	0	1	3	2	0	3	0	0	4	NA	4	1	4	0	5	3	1	3	8	2	0	0	1	0	0	4	2	3	0	0	0	NA
520	NA	0	0	4	1	2	4	0	1	1	1	2	0	0	2	8	0	3	3	2	3	2	0	0	0	3	0	1	2	3	2	NA	0	0	0	0	1	0	0	4	1	3
521	2	3	3	0	4	1	0	3	4	NA	0	2	2	3	0	3	2	1	NA	0	0	NA	1	1	1	1	2	0	1	NA	1	1	1	1	4	4	1	2	1	0	3	0
522	2	0	1	0	2	3	2	4	4	4	1	0	NA	0	0	3	1	0	1	0	0	NA	1	NA	0	2	1	NA	2	0	NA	1	3	0	NA	8	0	1	3	3	0	0
523	1	0	1	0	2	0	4	4	1	0	2	2	0	NA	1	1	1	0	3	0	NA	0	1	NA	4	0	1	3	1	0	4	1	4	3	2	0	4	NA	NA	0	2	0
524	2	3	0	2	NA	2	0	0	NA	1	0	0	0	1	0	3	NA	0	0	0	3	0	0	2	2	0	0	4	2	2	0	0	3	3	4	0	0	4	0	4	0	1
525	3	NA	NA	NA	4	0	0	0	0	2	0	0	0	1	3	2	4	0	0	3	3	3	3	1	0	1	0	0	0	NA	0	4	0	1	3	3	2	3	0	4	NA	0
526	2	3	1	0	NA	3	0	3	0	0	0	1	7	1	0	2	1	1	4	0	NA	0	0	0	1	4	NA	1	0	1	2	4	0	2	0	0	NA	0	2	2	3	0
527	0	1	NA	NA	0	2	0	0	3	0	NA	0	1	0	3	4	4	0	0	2	0	0	NA	3	0	1	4	0	3	0	1	4	0	1	1	3	0	0	3	NA	0	NA
528	0	0	4	0	2	3	0	1	5	0	2	NA	0	0	1	2	4	7	3	0	3	2	1	1	0	3	0	3	3	NA	1	0	7	0	7	3	0	NA	1	1	0	0
529	1	1	1	3	2	0	3	0	3	1	0	4	2	1	4	NA	0	0	3	1	2	0	4	3	NA	4	NA	1	3	1	2	4	4	0	4	3	0	0	8	0	3	3
530	0	0	0	0	0	2	5	2	0	3	3	1	3	4	0	3	7	1	0	4	0	3	0	2	1	0	1	0	0	NA	1	0	2	1	0	8	NA	1	7	3	1	1
531	0	0	1	NA	2	0	3	0	1	1	1	1	1	NA	1	NA	3	3	4	0	2	0	0	1	3	1	2	0	0	0	0	1	0	3	4	0	2	1	3	3	NA	0
532	0	5	4	NA	NA	0	NA	4	NA	1	0	3	0	2	0	2	0	0	0	NA	3	1	1	3	2	4	0	0	0	4	1	0	NA	0	0	3	1	3	1	0	1	5
533	1	0	0	NA	3	4	3	0	0	1	2	0	NA	0	0	1	0	2	0	2	1	0	0	0	0	0	2	2	0	1	5	NA	0	1	1	1	0	2	1	0	2	0
534	NA	0	3	0	0	1	0	4	0	0	0	NA	4	0	3	2	4	3	0	3	0	0	0	0	2	3	0	5	3	0	0	0	NA	4	4	1	0	3	3	3	3	3
535	0	3	0	3	0	0	1	1	3	0	0	7	1	3	0	3	NA	1	0	0	3	NA	1	0	NA	0	1	NA	4	NA	2	0	0	1	NA	4	2	1	3	NA	0	2
536	0	2	0	NA	4	0	1	4	2	0	4	0	7	3	4	3	NA	8	4	2	0	3	1	3	3	0	0	3	1	NA	0	NA	NA	4	0	0	1	1	1	8	2	4
537	7	2	0	NA	0	4	0	0	3	4	2	0	7	2	6	4	0	4	4	1	4	0	0	1	3	4	3	2	7	NA	0	NA	0	2	2	1	3	2	0	2	3	1
538	0	0	1	3	1	4	NA	4	1	0	2	NA	4	1	0	1	1	1	8	0	1	0	0	0	1	3	0	1	NA	1	5	0	1	0	2	1	8	NA	0	0	1	NA
539	7	0	0	0	0	3	2	1	2	NA	0	4	2	1	0	0	0	1	1	2	4	1	0	2	1	2	4	NA	0	NA	3	0	0	NA	1	1	4	1	4	0	5	3
540	0	4	3	0	4	1	2	0	1	0	4	NA	0	0	0	0	1	0	3	NA	3	4	2	NA	0	NA	3	0	0	2	NA	1	3	1	2	0	NA	2	0	0	0	2
541	0	2	3	0	3	2	0	3	NA	0	NA	0	0	0	3	4	NA	0	0	4	2	NA	NA	1	1	4	1	3	1	2	0	0	7	NA	NA	0	0	0	4	0	0	0
542	NA	4	4	0	0	3	1	4	1	0	4	0	0	0	3	0	0	3	4	5	3	NA	0	0	2	NA	2	1	NA	1	4	0	0	3	0	NA	1	0	0	1	0	1
543	3	4	2	0	3	4	1	NA	0	3	2	NA	3	4	1	0	0	4	0	0	0	NA	3	2	1	3	1	0	1	0	0	1	7	2	NA	1	1	3	1	3	0	0
544	2	NA	0	4	1	7	0	0	0	0	0	0	4	0	0	1	2	7	0	0	0	0	0	4	NA	1	2	4	7	1	3	1	0	1	0	4	0	4	1	2	2	1
545	0	0	0	3	1	3	5	0	7	0	3	1	NA	2	5	1	0	0	0	1	0	0	0	0	5	1	1	0	4	0	0	2	5	3	1	4	0	0	0	0	1	0
546	NA	0	0	0	3	1	0	NA	3	1	1	4	1	1	4	7	NA	2	1	1	1	1	3	0	0	1	0	2	3	0	0	1	3	0	8	1	0	0	0	1	1	2
547	3	0	3	1	NA	1	1	3	1	0	0	4	NA	2	NA	3	4	8	4	0	2	0	1	0	0	2	0	NA	NA	1	3	1	1	0	4	4	2	3	0	3	3	0
548	7	5	3	0	NA	1	0	1	1	0	0	0	4	1	4	NA	0	NA	0	0	5	7	0	2	0	0	0	0	0	0	1	1	1	0	1	0	0	0	3	0	2	0
549	3	1	2	0	3	NA	4	NA	3	0	1	4	0	2	1	NA	4	0	0	0	0	3	4	0	0	0	NA	0	3	1	0	2	0	2	0	3	4	0	0	0	4	NA
550	1	NA	0	2	2	0	NA	0	NA	1	3	0	0	0	1	0	5	4	0	NA	NA	1	0	0	2	0	0	NA	2	7	0	4	2	1	1	0	3	1	0	0	3	4
551	0	1	4	1	0	NA	4	1	2	0	2	7	2	NA	0	4	0	0	0	0	0	0	0	0	NA	0	2	1	1	0	3	4	2	3	1	1	1	0	2	0	2	1
552	4	2	4	3	0	3	1	3	4	0	4	3	NA	1	1	1	0	4	0	5	1	0	NA	0	0	1	3	3	0	0	3	1	0	1	4	NA	4	0	1	3	3	0
553	0	4	0	NA	0	NA	5	2	3	2	NA	1	NA	0	3	NA	2	2	1	1	5	3	2	3	2	0	0	0	NA	0	2	0	0	2	0	0	1	0	0	NA	0	1
554	1	3	5	0	1	3	4	0	3	NA	3	3	2	NA	0	0	1	1	4	1	5	2	0	0	2	2	0	0	NA	1	3	8	4	1	1	3	1	0	7	0	0	0
555	3	2	1	0	1	0	1	4	0	5	1	2	0	0	0	1	3	0	3	1	0	1	1	4	1	0	NA	2	NA	0	2	1	5	1	NA	NA	3	0	0	4	3	1
556	2	0	1	2	1	1	3	0	7	0	0	2	0	2	1	0	4	4	4	0	0	0	0	NA	1	3	0	0	1	NA	0	1	5	0	2	2	1	NA	3	4	4	0
557	0	1	0	8	8	4	1	0	0	1	0	1	1	8	NA	3	0	0	1	4	1	0	0	0	2	2	0	5	0	0	1	3	0	4	1	0	4	0	0	1	2	2
558	0	0	0	NA	1	NA	0	1	4	1	0	5	8	0	NA	NA	7	0	8	0	1	0	NA	0	NA	4	1	0	0	NA	1	0	0	0	2	NA	1	1	4	2	1	2
559	0	0	0	4	1	NA	4	0	0	1	0	NA	2	0	0	0	2	0	NA	0	NA	0	3	0	NA	0	2	0	1	1	1	3	0	0	5	2	0	0	7	0	0	0
560	0	2	2	0	0	1	0	NA	4	2	0	1	0	4	3	0	1	0	0	0	3	0	0	4	0	NA	4	2	1	1	1	0	0	0	1	4	3	1	4	NA	5	3
561	1	0	1	0	1	3	4	1	2	3	1	0	1	0	2	3	1	3	4	2	0	1	0	4	0	2	0	4	0	1	0	0	1	1	0	0	0	0	1	2	0	0
562	3	0	7	1	2	NA	3	0	4	8	1	0	1	3	NA	4	0	5	0	3	2	3	0	5	3	0	3	0	8	3	1	NA	7	0	0	0	NA	1	1	4	0	1
563	0	0	0	NA	1	0	0	3	1	3	4	NA	1	1	NA	3	4	4	8	NA	1	0	0	NA	0	0	0	2	7	1	0	0	5	3	0	0	1	1	4	0	0	1
564	1	2	0	0	0	0	0	NA	0	1	NA	0	1	2	4	3	0	2	0	0	0	0	4	0	1	1	1	NA	4	0	1	0	1	NA	NA	1	0	0	0	1	0	1
565	2	1	NA	3	NA	2	2	0	NA	0	5	0	4	4	2	4	0	1	0	4	NA	1	0	1	2	1	1	3	2	3	0	1	0	1	3	0	4	4	1	0	4	3
566	0	0	0	2	NA	2	0	3	4	5	1	0	0	NA	4	3	NA	0	2	2	0	3	NA	3	0	0	0	3	0	0	1	2	2	2	0	7	0	1	NA	NA	5	0
567	1	3	3	1	0	NA	4	0	3	1	0	0	0	8	0	0	0	1	NA	0	1	1	4	1	7	0	3	1	3	0	1	1	8	2	3	4	1	0	3	0	0	1
568	0	7	NA	1	0	NA	7	2	4	0	5	0	0	NA	1	5	2	3	4	3	3	2	NA	1	1	0	0	4	2	NA	0	3	1	2	4	0	0	3	0	0	0	1
569	4	1	3	NA	1	1	0	1	0	0	1	3	1	5	NA	0	1	0	4	0	NA	2	1	1	1	4	2	1	0	1	2	1	5	NA	3	0	1	0	0	3	4	4
570	0	1	0	8	0	1	0	1	2	3	NA	2	3	1	0	NA	4	NA	3	0	3	NA	2	3	0	1	1	1	1	0	3	3	0	2	0	0	NA	0	1	0	2	6
571	1	3	5	2	0	0	4	3	0	0	0	1	0	0	1	3	0	1	NA	0	0	1	NA	0	2	0	0	NA	0	0	2	1	0	0	2	0	0	1	1	4	1	4
572	2	0	0	4	NA	1	0	4	4	1	2	4	4	3	0	NA	4	0	0	4	NA	NA	4	2	4	2	0	1	0	3	0	NA	0	0	0	4	NA	0	2	3	NA	2
573	0	0	0	0	0	1	0	3	3	0	0	0	0	0	NA	NA	0	0	NA	1	0	0	0	4	0	0	0	0	NA	NA	1	2	NA	NA	4	7	0	NA	NA	0	0	2
574	0	3	0	1	1	3	4	1	NA	0	0	NA	0	0	0	0	4	3	3	0	1	0	3	0	3	1	2	4	1	3	4	5	0	3	2	NA	0	3	3	NA	0	0
575	3	0	1	1	1	1	0	NA	1	0	0	0	0	0	2	0	0	0	NA	0	NA	4	0	0	1	NA	0	1	1	0	5	0	3	0	NA	0	0	2	2	0	2	4
576	0	0	0	1	3	1	2	0	0	0	0	1	2	1	1	3	0	2	1	0	0	1	0	1	0	6	1	0	1	1	3	0	7	8	2	1	0	0	1	0	3	0
577	3	3	0	NA	0	3	1	0	0	1	0	3	0	NA	0	NA	0	0	1	0	NA	3	1	1	1	4	1	NA	NA	0	1	1	0	NA	3	NA	0	0	1	1	0	1
578	5	NA	NA	4	4	0	4	1	1	0	0	0	NA	1	0	0	NA	1	1	3	NA	4	NA	0	NA	0	0	7	0	0	0	3	3	2	1	2	NA	0	3	3	5	3
579	3	1	0	2	3	0	NA	0	5	0	1	NA	0	NA	3	0	4	6	1	0	0	4	NA	0	7	0	0	7	0	4	0	0	3	NA	NA	0	1	1	NA	1	2	1
580	1	0	4	0	0	1	3	NA	2	1	0	5	1	1	NA	0	4	4	4	1	1	4	3	2	0	4	0	2	3	NA	1	4	0	3	0	NA	0	NA	1	0	0	5
581	2	0	4	2	1	1	1	1	1	4	2	0	1	0	0	2	3	0	0	3	2	3	0	0	2	3	2	3	NA	3	0	1	4	0	2	0	2	1	NA	NA	8	NA
582	0	1	0	4	3	1	1	2	NA	0	NA	3	0	1	8	3	0	5	0	NA	0	4	0	1	2	5	0	1	3	2	NA	0	2	0	NA	0	1	1	NA	1	0	2
583	NA	4	1	0	2	3	1	4	1	4	0	0	0	1	0	2	6	NA	3	0	4	0	0	1	0	0	4	1	0	1	NA	1	1	5	1	NA	2	0	0	5	0	7
584	3	NA	0	1	1	2	2	NA	4	4	0	NA	4	3	0	0	0	NA	3	3	0	0	0	4	0	1	3	NA	0	NA	0	4	1	0	0	0	0	NA	3	4	0	3
585	1	NA	0	1	2	0	NA	0	0	3	0	3	NA	0	4	0	0	0	NA	1	1	1	1	5	4	0	1	0	NA	0	3	0	1	0	1	0	3	1	3	0	1	0
586	0	0	0	0	8	4	NA	2	1	1	1	1	3	0	3	2	NA	2	0	4	0	2	0	0	NA	1	5	0	1	1	0	0	0	4	2	1	NA	NA	NA	3	0	NA
587	1	0	3	NA	1	NA	3	1	0	1	3	4	3	5	0	8	0	1	3	4	0	3	3	1	3	3	0	3	0	0	4	0	0	0	0	NA	3	0	5	1	3	1
588	3	3	1	3	0	0	0	0	0	0	0	0	2	1	0	0	0	NA	0	0	4	0	4	0	0	0	4	0	5	NA	1	0	2	8	NA	0	0	4	3	2	0	NA
589	1	4	0	1	0	2	0	2	1	2	0	0	0	8	2	0	8	1	2	2	0	NA	7	1	4	0	NA	1	4	1	1	1	0	0	1	1	1	3	0	0	0	3
590	0	NA	NA	3	1	4	2	3	4	NA	1	3	4	3	0	2	0	3	0	0	1	0	0	8	0	3	0	0	3	0	0	1	NA	1	3	0	4	4	2	0	1	0
591	0	0	NA	2	NA	NA	4	1	0	2	3	0	0	4	NA	NA	4	1	1	2	4	3	5	2	0	3	3	NA	2	4	3	0	0	4	0	0	0	2	0	1	0	4
592	2	4	1	2	1	2	4	0	0	NA	2	1	0	1	0	NA	0	3	0	0	4	NA	0	3	0	0	1	1	0	0	NA	0	0	0	0	0	4	0	0	NA	NA	3
593	0	0	5	NA	3	3	0	0	0	0	1	0	7	2	0	NA	3	4	0	0	1	0	1	0	NA	1	2	0	2	0	NA	NA	NA	NA	0	5	1	3	7	NA	0	8
594	3	1	NA	2	0	0	0	7	3	2	NA	1	0	3	2	4	3	0	0	2	3	NA	3	4	2	0	0	0	NA	1	NA	0	3	NA	3	0	1	NA	5	0	0	2
595	NA	0	3	0	0	0	0	1	1	1	NA	0	4	7	0	NA	0	0	3	1	4	2	3	NA	0	0	3	0	1	1	3	4	2	0	1	0	4	1	0	3	0	NA
596	0	NA	1	1	1	2	0	3	1	0	1	NA	1	0	0	1	0	3	4	0	2	0	1	0	1	1	2	1	3	NA	1	0	1	0	0	1	4	0	NA	1	1	NA
597	0	NA	2	5	2	1	7	8	0	2	8	3	0	3	3	3	0	1	1	4	5	0	4	1	0	1	0	2	NA	0	3	0	1	1	0	3	4	4	0	NA	1	0
598	1	0	1	3	1	1	3	NA	NA	0	NA	NA	NA	3	4	0	0	2	5	0	4	0	0	3	0	4	5	0	0	5	1	1	0	0	0	2	2	NA	2	0	7	0
599	3	1	0	1	0	3	2	0	1	0	0	5	3	0	1	1	NA	0	3	3	NA	NA	5	3	NA	2	0	2	5	3	1	2	4	NA	3	1	5	NA	1	NA	3	0
600	3	0	0	8	4	3	0	0	1	1	5	1	0	5	1	0	0	1	0	0	0	0	1	0	0	0	3	1	1	3	2	NA	0	4	NA	2	4	4	3	0	NA	NA
601	2	NA	1	2	5	4	0	4	NA	1	0	0	NA	1	1	0	3	4	0	NA	1	2	0	3	4	3	7	0	2	0	0	0	0	1	4	0	NA	NA	2	0	2	NA
602	0	3	NA	0	0	0	4	8	0	3	4	1	2	0	0	0	0	0	0	0	0	NA	0	6	0	0	4	0	1	0	0	NA	0	3	3	0	4	NA	3	3	1	3
603	0	0	0	0	3	0	NA	NA	3	0	0	0	2	0	0	NA	2	0	1	0	0	0	1	0	NA	3	2	4	2	1	0	0	4	1	0	2	7	2	0	1	4	NA
604	4	1	0	0	8	3	NA	4	3	0	1	5	0	1	1	1	3	1	2	4	2	4	3	0	NA	2	3	4	0	0	0	0	4	1	4	3	NA	0	3	NA	0	0
605	4	1	0	4	0	1	3	4	NA	0	1	NA	0	3	1	NA	0	0	1	0	0	2	3	4	8	0	0	4	1	3	0	0	1	NA	0	0	1	NA	0	1	0	3
606	1	0	3	3	1	4	3	0	1	3	0	1	0	3	4	1	0	0	5	2	0	0	2	2	4	0	1	1	1	0	2	0	0	1	3	NA	1	2	0	4	2	0
607	0	0	1	2	1	0	0	1	3	3	NA	4	0	8	7	0	3	0	2	1	0	0	0	2	0	1	2	0	0	2	2	1	1	2	2	0	0	0	0	0	1	1
608	3	NA	0	7	NA	NA	1	0	0	NA	3	1	3	0	0	0	1	1	0	1	3	2	0	0	1	NA	0	4	0	4	0	1	1	0	2	0	0	0	4	2	NA	1
609	2	3	NA	NA	0	1	3	0	2	1	NA	2	1	3	1	0	0	4	0	0	0	1	3	2	3	4	1	3	2	2	4	NA	0	3	0	4	3	0	1	1	1	0
610	NA	0	0	NA	0	0	1	0	NA	2	3	NA	3	1	NA	0	3	1	2	3	3	0	1	3	0	0	1	0	NA	1	4	4	0	0	1	3	0	0	1	NA	2	0
611	2	1	0	1	1	0	3	0	0	0	0	0	NA	3	2	NA	3	0	0	4	NA	1	5	3	0	3	3	1	3	NA	0	3	NA	0	0	0	0	NA	0	NA	0	4
612	0	0	1	1	0	1	NA	4	NA	0	0	2	5	NA	NA	4	0	0	1	0	0	2	1	1	0	0	1	1	NA	4	1	NA	0	NA	NA	4	3	3	8	NA	0	2
613	0	0	0	8	0	3	3	0	0	2	3	3	1	2	NA	0	3	0	4	5	2	0	0	1	0	0	0	5	0	0	8	0	0	0	4	3	NA	0	2	0	1	0
614	0	NA	3	1	NA	3	0	0	3	2	3	0	1	NA	NA	3	NA	0	4	0	0	0	1	0	1	0	2	2	1	4	1	8	1	1	3	0	3	3	0	0	0	2
615	1	0	3	0	0	3	3	1	NA	2	0	0	4	3	0	0	0	NA	1	NA	0	NA	NA	0	2	1	0	0	0	4	1	0	3	2	NA	4	NA	2	NA	3	NA	0
616	0	0	NA	NA	0	3	0	1	1	0	0	NA	0	0	1	0	NA	0	0	3	0	2	0	1	NA	4	1	1	1	3	0	0	3	1	1	2	1	5	3	4	NA	4
617	1	4	0	3	1	1	3	0	0	4	0	0	1	0	4	1	0	0	NA	0	2	5	NA	0	0	3	3	0	0	1	2	0	3	0	2	NA	1	0	3	1	0	0
618	4	0	1	0	4	0	3	2	0	0	1	0	3	5	1	0	NA	4	NA	0	4	1	3	NA	0	0	0	2	1	4	4	0	NA	0	3	NA	2	2	NA	0	0	NA
619	2	4	0	0	0	0	2	1	NA	4	3	0	3	0	4	2	1	4	NA	NA	3	4	1	0	0	0	0	2	1	8	NA	5	NA	1	2	4	0	2	NA	0	0	NA
620	0	0	7	0	0	1	1	0	4	3	1	NA	0	4	0	2	NA	0	2	0	0	1	4	NA	NA	0	1	3	1	3	4	1	0	0	NA	3	2	3	2	4	1	2
621	1	NA	0	0	NA	0	1	1	0	4	0	0	2	NA	0	NA	4	1	0	1	0	0	1	0	3	0	3	3	NA	NA	1	2	4	3	3	1	0	4	1	0	0	0
622	1	0	0	0	0	0	4	0	1	3	NA	3	0	4	0	0	0	3	0	0	NA	2	4	1	3	1	2	0	3	NA	0	4	0	1	1	4	4	0	1	3	8	1
623	0	3	4	2	NA	2	0	NA	4	3	NA	1	1	0	0	1	NA	2	0	0	1	3	3	5	1	1	NA	0	0	0	0	1	4	1	3	3	1	0	2	NA	0	5
624	2	0	2	NA	8	2	2	0	2	0	0	0	0	0	3	1	NA	4	2	4	2	1	3	0	NA	1	2	0	0	0	0	4	0	NA	8	0	0	1	0	1	7	3
625	0	NA	4	0	1	1	0	0	3	3	1	0	NA	0	NA	4	NA	0	3	1	1	8	1	1	3	0	1	3	0	2	0	1	1	0	NA	0	3	0	4	1	0	1
626	0	0	3	3	0	0	0	5	3	1	1	2	0	0	2	0	NA	NA	0	0	0	1	3	2	0	4	1	3	1	NA	0	1	3	NA	4	1	1	2	0	4	3	4
627	4	0	3	0	0	0	0	0	3	0	0	2	0	NA	NA	3	2	3	1	1	5	3	1	4	4	1	0	1	0	0	4	0	3	4	3	0	0	0	0	NA	1	1
628	0	0	3	4	4	0	0	4	0	4	4	4	0	0	0	0	2	0	3	7	1	0	0	3	3	5	NA	0	0	3	4	0	3	5	NA	4	NA	NA	3	0	NA	0
629	1	2	8	0	NA	0	0	0	2	0	1	1	3	0	0	4	0	1	2	1	NA	1	NA	0	1	3	7	4	0	4	4	3	3	3	1	2	0	5	3	1	1	3
630	4	1	3	1	0	8	1	2	1	4	0	1	1	1	0	2	3	NA	1	4	NA	0	3	NA	1	1	1	1	1	3	4	NA	NA	0	NA	4	2	5	4	7	NA	3
631	5	4	0	1	3	4	0	4	0	3	NA	0	1	3	0	1	1	0	0	1	0	0	0	NA	5	3	3	1	0	2	3	0	0	1	NA	0	5	4	1	0	0	0
632	2	3	NA	0	4	2	1	3	NA	0	2	7	1	3	0	1	1	1	1	1	3	4	1	1	0	0	0	3	NA	3	4	0	3	0	4	NA	0	3	0	8	4	2
633	5	0	3	0	0	NA	0	2	0	0	0	NA	3	2	0	0	NA	4	5	0	5	0	0	1	NA	2	0	4	4	4	1	3	2	NA	0	NA	1	2	4	0	NA	NA
634	0	0	3	5	NA	3	1	0	0	4	4	0	1	NA	0	0	0	4	NA	0	3	3	NA	2	0	NA	4	1	0	0	4	4	1	0	0	4	0	1	1	1	0	NA
635	0	0	0	NA	0	7	0	1	4	2	3	4	7	0	1	1	3	4	0	0	0	3	3	1	1	7	1	0	3	0	0	1	NA	7	4	4	4	0	0	3	2	NA
636	0	2	2	2	0	0	1	1	4	0	4	2	0	0	1	0	0	0	2	0	NA	4	7	0	2	3	0	3	1	1	1	3	4	1	NA	4	4	3	3	0	2	1
637	1	0	0	1	0	2	0	3	0	2	1	0	0	4	0	2	2	0	1	0	3	4	3	NA	1	8	3	1	1	1	0	0	3	0	3	0	0	0	1	4	3	3
638	3	NA	0	2	0	0	7	1	1	2	2	1	NA	3	1	3	4	0	0	2	0	NA	1	0	1	0	NA	NA	2	2	0	3	7	NA	NA	0	NA	4	NA	1	1	3
639	1	1	0	1	1	3	1	NA	1	NA	0	3	0	4	0	1	1	4	0	5	0	NA	0	1	0	0	5	3	0	0	1	4	0	0	0	1	0	1	1	4	2	NA
640	0	0	0	NA	4	0	2	NA	2	0	2	0	0	3	NA	5	2	NA	0	1	1	0	1	0	3	3	1	4	0	3	1	1	3	NA	0	0	2	2	0	NA	NA	1
641	2	1	0	4	2	0	4	0	1	3	0	0	3	1	4	1	1	NA	0	0	0	0	NA	4	0	4	0	2	0	7	1	2	NA	0	NA	5	1	0	0	1	NA	NA
642	2	3	0	1	1	NA	0	3	NA	0	1	4	NA	0	NA	0	4	2	4	1	8	5	4	1	1	0	3	0	0	3	3	2	NA	3	0	2	1	4	4	0	NA	7
643	NA	3	1	4	0	NA	NA	0	0	2	5	NA	NA	0	1	1	0	3	0	NA	1	NA	4	0	1	1	0	5	NA	4	0	NA	NA	0	3	1	2	1	0	0	3	5
644	NA	4	1	3	4	0	4	1	1	3	0	5	1	0	2	1	0	4	0	0	8	0	1	4	1	2	NA	3	1	1	NA	NA	NA	0	0	3	0	8	0	1	3	0
645	1	0	4	2	1	4	1	NA	1	0	3	1	8	5	NA	2	2	4	3	0	NA	0	1	1	0	0	3	0	1	0	2	1	3	1	0	0	0	4	NA	2	0	NA
646	1	0	3	3	2	NA	2	2	0	0	NA	3	0	0	3	2	1	NA	2	3	0	NA	0	1	0	1	0	1	4	1	0	3	0	1	NA	6	0	0	0	0	0	1
647	1	0	0	1	4	0	1	0	4	7	5	0	NA	1	1	0	0	0	NA	3	NA	1	0	3	1	0	NA	3	1	4	0	1	2	0	1	2	1	5	4	2	1	1
648	0	4	2	4	1	0	0	5	1	2	0	NA	3	0	1	1	0	0	2	0	0	1	0	2	NA	NA	4	1	1	0	0	2	8	4	0	1	2	1	1	3	1	NA
649	3	1	0	1	0	1	3	NA	1	2	0	NA	NA	2	NA	1	1	2	0	1	1	NA	0	1	NA	8	0	0	0	4	2	1	0	0	1	2	4	2	4	2	NA	1
650	3	NA	1	2	2	3	0	2	0	0	0	4	1	3	0	2	NA	1	3	1	0	1	0	3	NA	3	0	1	3	1	5	4	0	0	3	3	0	NA	1	4	4	NA
651	0	0	0	1	3	1	0	4	0	0	2	3	1	0	0	3	0	2	0	1	5	NA	3	4	NA	4	3	1	4	1	0	0	3	NA	NA	0	3	4	2	1	0	0
652	3	0	2	1	1	0	0	1	0	0	0	0	5	1	0	0	2	1	7	NA	1	3	NA	7	2	3	3	3	1	3	0	1	1	0	0	2	0	0	0	4	NA	NA
653	3	0	0	3	1	7	0	1	0	NA	3	2	1	1	1	0	2	NA	0	NA	NA	1	0	0	3	0	4	2	4	4	1	1	0	5	1	0	0	3	3	1	0	NA
654	3	0	0	3	NA	3	0	1	2	2	0	0	1	0	4	0	5	0	0	0	5	0	0	4	0	NA	3	NA	0	0	2	0	0	1	0	0	8	3	0	0	1	NA
655	NA	1	NA	2	0	4	1	0	2	1	NA	0	1	0	0	NA	0	0	7	0	1	0	0	3	7	1	0	3	0	1	3	1	0	0	NA	0	1	NA	NA	1	0	0
656	2	3	1	0	0	1	NA	1	1	0	2	0	0	1	0	2	0	3	0	0	0	0	0	NA	0	1	1	4	NA	4	0	0	2	2	0	2	1	2	1	NA	0	3
657	1	0	0	3	2	0	0	3	NA	4	0	0	2	7	3	1	3	1	4	2	3	3	0	8	3	0	0	0	1	4	3	4	0	0	3	0	0	1	NA	0	3	4
658	7	2	2	3	4	0	0	1	0	0	0	4	1	NA	0	0	NA	3	3	1	0	NA	0	0	0	1	2	1	0	0	0	1	3	3	0	1	2	0	1	2	1	0
659	3	3	1	0	3	2	0	0	NA	4	3	0	1	1	1	0	NA	4	1	4	3	0	0	4	NA	1	0	1	0	0	NA	1	4	2	0	0	4	0	1	5	7	1
660	0	4	4	1	3	NA	NA	1	3	NA	1	1	5	4	3	4	NA	4	0	0	0	0	3	0	3	0	1	4	NA	0	3	0	1	0	0	1	1	3	0	1	NA	4
661	0	2	2	NA	NA	0	4	1	0	1	0	2	0	0	4	0	0	4	0	5	0	0	0	2	0	1	5	1	1	3	1	0	0	2	4	0	0	0	2	2	0	2
662	0	3	1	4	2	0	0	1	5	2	3	3	4	1	0	1	0	0	3	NA	0	3	0	NA	NA	1	0	3	NA	3	0	0	1	4	0	4	3	0	0	0	NA	2
663	2	2	0	1	0	5	1	2	0	1	0	0	0	0	0	0	2	1	4	3	0	4	4	NA	3	0	0	2	1	0	0	5	1	1	4	4	4	NA	3	0	2	NA
664	NA	0	1	1	1	2	0	3	3	0	1	3	2	5	3	5	5	0	4	NA	1	1	0	1	2	4	NA	3	1	0	3	0	0	3	0	NA	1	3	1	NA	3	3
665	0	3	0	1	0	NA	2	NA	4	3	0	0	4	0	1	0	3	NA	4	0	2	2	1	1	1	2	2	7	1	2	0	0	0	0	1	1	1	1	0	0	5	1
666	1	1	0	4	3	1	0	1	2	2	0	NA	0	0	0	1	4	3	1	0	4	0	2	2	0	1	0	0	0	0	5	NA	0	8	0	2	1	0	NA	NA	2	0
667	2	0	4	NA	0	3	4	2	3	NA	4	1	0	1	2	1	0	1	0	2	0	3	0	5	0	1	0	1	0	3	3	1	1	3	0	NA	0	0	0	NA	1	0
668	2	3	1	2	3	8	0	3	4	0	1	0	0	NA	2	0	0	3	4	1	0	NA	2	5	1	1	0	0	0	2	1	1	2	0	2	3	1	0	4	1	0	1
669	4	0	1	0	0	0	0	0	2	0	0	0	4	0	0	0	NA	NA	1	0	7	1	3	2	1	3	1	1	1	8	1	3	1	0	4	0	1	0	0	NA	2	0
670	0	0	3	0	0	1	0	2	0	2	1	0	0	4	1	NA	1	3	0	0	3	4	1	0	0	1	1	7	0	4	2	4	0	0	NA	0	1	2	0	0	2	3
671	1	1	0	3	0	4	NA	4	4	1	2	3	3	3	1	0	NA	2	2	1	0	3	3	2	NA	1	3	0	3	2	4	NA	NA	0	0	1	3	0	1	NA	3	1
672	3	2	2	0	0	3	0	1	NA	4	3	3	3	4	0	0	3	1	1	0	0	0	0	0	1	2	0	3	0	0	2	2	3	1	NA	2	0	1	0	0	NA	5
673	0	3	1	4	0	1	3	3	1	3	0	0	0	1	0	4	NA	0	2	0	1	0	1	1	4	5	2	NA	NA	0	0	0	3	0	NA	1	3	0	0	1	1	4
674	0	1	2	1	3	0	NA	4	0	0	0	0	2	0	1	0	1	2	NA	4	3	3	0	0	1	0	0	1	1	NA	3	3	NA	NA	0	NA	1	4	0	3	0	2
675	2	NA	0	0	NA	0	0	0	1	4	1	2	2	0	2	0	0	NA	0	0	3	0	NA	0	0	0	4	0	1	7	0	2	3	NA	1	2	2	2	1	0	NA	2
676	2	2	0	0	0	0	0	0	1	1	5	3	2	1	1	0	NA	0	0	1	2	3	0	NA	3	NA	0	NA	NA	1	3	0	NA	0	0	NA	0	0	0	1	1	2
677	0	NA	0	3	NA	1	0	0	1	1	0	0	0	NA	4	0	3	4	3	1	0	0	3	0	0	4	NA	1	4	3	1	1	0	3	1	0	1	3	3	1	1	2
678	NA	NA	1	3	1	7	5	4	NA	1	0	1	4	3	4	0	1	2	NA	1	1	3	0	2	3	1	5	0	3	3	1	0	1	NA	3	1	0	2	0	0	0	3
679	3	0	4	0	0	0	0	0	0	2	4	0	0	0	1	3	1	0	4	NA	1	0	NA	2	0	0	1	3	0	4	0	0	0	0	NA	1	5	0	1	0	0	2
680	4	1	0	1	0	1	0	3	NA	1	5	1	1	3	1	1	NA	8	2	1	0	NA	2	0	0	5	2	0	0	0	4	4	3	2	0	1	3	4	4	0	0	3
681	1	1	0	0	1	0	NA	0	0	1	0	0	2	0	4	3	0	4	NA	3	4	1	1	NA	NA	0	2	0	NA	0	4	3	NA	0	4	2	4	2	0	8	2	0
682	0	4	4	2	7	4	4	NA	8	2	0	3	4	1	3	NA	0	0	4	0	1	1	NA	NA	5	0	8	NA	2	4	1	3	3	1	NA	NA	4	0	NA	NA	7	1
683	3	NA	0	2	1	0	3	3	0	1	0	2	0	0	3	3	1	2	1	0	4	NA	1	2	0	4	1	NA	3	0	4	0	NA	3	1	3	3	1	1	2	8	0
684	0	3	1	NA	2	0	0	NA	1	3	4	2	0	0	NA	3	4	0	1	0	5	1	0	5	0	0	0	3	3	4	4	4	5	0	NA	1	0	2	2	1	0	0
685	5	NA	1	1	0	2	2	2	0	0	1	3	0	0	2	0	1	NA	2	NA	2	0	1	4	0	NA	0	0	0	0	3	0	3	0	0	0	0	2	0	4	2	1
686	0	0	0	2	0	NA	NA	1	0	0	7	1	2	0	1	4	3	0	1	3	0	1	2	1	2	2	1	NA	NA	1	1	7	2	3	NA	2	NA	0	2	1	0	4
687	0	0	5	0	1	0	3	0	1	NA	0	3	4	0	0	1	4	4	3	2	0	3	0	1	0	3	0	NA	3	0	3	1	3	0	1	NA	0	1	0	0	2	8
688	3	7	4	0	3	1	NA	2	5	0	0	2	4	1	5	8	0	0	NA	0	1	1	0	1	1	0	NA	0	4	3	NA	NA	1	NA	3	1	5	1	5	NA	0	NA
689	1	0	NA	4	0	1	0	0	NA	0	3	4	NA	4	0	2	0	0	0	3	7	0	0	1	0	NA	0	2	0	NA	2	NA	0	0	2	4	0	0	1	1	3	4
690	0	0	0	0	4	NA	0	0	NA	NA	0	NA	0	0	0	1	1	0	3	1	1	1	1	3	0	0	NA	0	0	3	NA	0	4	7	5	0	0	0	0	4	0	3
691	0	0	2	3	1	0	3	0	0	0	0	7	1	0	0	0	4	NA	2	NA	NA	0	NA	0	0	2	1	0	8	1	4	1	8	4	1	0	3	0	1	2	4	NA
692	4	0	0	3	2	2	2	0	2	0	3	3	1	2	0	NA	4	2	3	0	0	3	0	4	4	NA	3	3	0	1	4	1	4	1	4	8	0	0	3	7	4	4
693	0	0	0	0	0	1	0	0	1	2	3	3	8	1	1	0	2	4	1	0	0	1	3	1	8	1	2	8	0	0	7	0	1	1	2	0	1	3	4	0	4	1
694	2	NA	0	0	0	0	1	0	2	0	0	1	1	0	1	1	1	1	NA	NA	2	1	0	8	0	1	4	0	0	4	NA	4	4	NA	0	1	4	NA	4	1	2	0
695	NA	1	0	0	2	4	NA	0	NA	4	0	0	1	1	3	0	1	NA	NA	1	3	1	1	1	1	0	2	1	1	0	1	0	3	3	0	2	3	0	3	0	4	0
696	1	0	4	NA	4	0	0	0	0	0	1	3	1	3	4	4	1	0	NA	0	1	0	4	NA	4	0	0	0	5	3	3	NA	5	1	0	1	8	2	0	0	3	0
697	1	0	2	NA	3	0	4	0	0	0	3	1	0	2	0	4	4	2	3	0	0	2	7	0	1	3	0	0	1	1	0	0	0	2	1	1	3	1	3	0	0	1
698	3	NA	NA	5	0	NA	NA	3	1	NA	0	3	NA	1	4	0	0	0	4	0	NA	4	4	2	1	0	1	0	0	1	1	3	0	0	0	0	0	0	0	4	1	0
699	4	0	0	3	1	1	5	1	3	2	0	0	0	NA	NA	3	2	NA	NA	2	0	0	0	3	3	1	2	2	0	0	0	0	NA	1	1	2	1	0	0	3	0	4
700	1	3	1	0	0	0	1	2	1	1	1	1	2	1	NA	7	0	0	4	4	0	4	3	3	8	3	3	NA	0	0	3	3	1	0	1	1	2	NA	1	NA	4	1
701	0	0	2	0	1	3	1	3	1	4	0	3	0	3	2	0	3	2	1	4	NA	1	0	0	0	0	3	2	4	0	8	0	0	3	4	5	0	1	1	0	0	2
702	NA	NA	NA	3	0	2	0	1	3	0	0	1	0	4	NA	0	3	NA	3	0	NA	0	3	0	0	0	1	4	NA	0	3	NA	0	0	0	0	NA	2	2	2	1	0
703	NA	2	2	3	3	0	3	NA	2	1	1	3	4	4	NA	1	4	1	5	0	NA	0	NA	1	NA	1	0	NA	3	6	NA	0	0	1	0	7	NA	NA	0	NA	0	3
704	0	8	1	3	4	0	2	4	1	2	0	0	0	2	3	0	0	1	0	0	0	1	0	2	1	NA	1	0	3	0	1	1	0	NA	2	1	0	0	4	0	2	2
705	0	1	0	4	8	0	4	NA	1	1	0	0	1	1	1	0	0	NA	NA	1	0	4	0	0	8	0	3	0	3	1	0	0	1	3	NA	3	2	4	NA	NA	0	0
706	1	5	NA	4	NA	1	0	0	NA	4	NA	4	0	1	0	1	0	0	3	6	1	0	5	NA	0	2	0	1	0	0	0	4	0	NA	NA	NA	3	NA	3	0	2	4
707	1	2	4	0	0	2	3	0	0	0	4	NA	4	0	1	NA	1	1	0	3	2	5	NA	0	3	0	0	2	0	2	1	1	3	1	0	1	1	0	4	0	0	0
708	NA	1	3	3	2	NA	0	0	2	0	0	0	0	1	3	4	0	1	0	3	4	0	4	0	NA	0	1	2	NA	NA	NA	0	0	0	1	0	2	NA	4	0	0	0
709	NA	NA	0	3	NA	1	4	0	1	0	2	1	0	2	4	0	7	0	NA	4	1	1	2	3	0	0	3	0	0	3	NA	0	1	0	2	1	1	0	0	2	0	3
710	NA	1	1	NA	1	0	2	0	NA	4	0	3	0	0	2	2	0	0	3	1	3	4	4	1	4	1	4	1	0	NA	0	1	NA	3	3	0	0	3	NA	4	0	0
711	4	0	1	1	NA	3	0	0	4	0	0	0	0	1	0	0	0	3	2	2	4	4	3	0	2	3	1	NA	3	1	0	0	1	2	4	NA	0	3	4	1	2	3
712	0	1	1	0	2	0	0	0	3	2	3	2	0	0	1	NA	7	4	2	NA	2	NA	4	1	2	0	4	NA	0	3	0	0	0	0	8	0	0	2	3	3	0	0
713	2	0	1	NA	0	2	1	0	0	0	0	1	5	0	0	NA	4	2	3	0	0	0	2	0	NA	0	3	1	2	1	3	1	NA	2	NA	0	2	4	0	0	0	8
714	0	0	3	1	1	1	0	2	1	NA	2	0	0	1	1	2	4	0	4	1	0	0	5	2	1	NA	0	0	1	0	0	3	3	3	0	3	4	NA	NA	5	2	0
715	0	1	2	2	0	NA	4	2	3	0	3	0	1	0	NA	0	3	2	0	4	4	0	0	0	3	0	NA	1	NA	4	0	NA	1	7	NA	0	6	3	NA	0	NA	2
716	4	1	2	1	3	3	1	0	3	2	1	0	0	3	0	0	0	3	1	3	4	0	1	0	2	5	7	1	0	0	0	1	3	4	3	2	0	3	8	3	0	1
717	0	2	0	5	3	0	1	0	1	NA	NA	NA	1	1	0	1	0	NA	2	1	0	1	NA	0	4	0	0	2	0	4	3	0	NA	0	3	3	1	2	1	3	NA	0
718	4	0	3	0	3	0	NA	1	2	NA	3	0	0	4	1	0	0	0	8	1	0	1	0	1	NA	0	3	1	1	0	3	0	5	1	1	3	0	2	1	2	1	0
719	0	1	1	5	NA	2	1	NA	0	0	0	NA	3	2	4	NA	1	1	0	1	2	1	0	NA	NA	1	NA	4	NA	4	4	4	3	4	3	NA	1	0	3	0	4	3
720	2	0	NA	1	0	0	8	3	0	NA	0	0	NA	0	3	3	3	0	3	3	NA	0	1	3	NA	0	1	0	0	3	0	0	0	0	3	1	7	1	0	0	0	3
721	2	4	4	5	0	3	1	1	0	0	1	0	0	0	NA	4	0	0	1	3	2	2	NA	NA	2	3	1	4	7	1	0	2	0	NA	1	0	4	1	NA	2	0	3
722	NA	0	0	0	1	5	1	0	4	1	1	1	0	1	1	2	2	1	1	2	3	3	NA	3	NA	3	1	4	1	1	1	2	4	NA	1	2	0	0	2	1	NA	2
723	1	3	4	NA	1	0	7	0	NA	0	NA	0	1	0	0	4	1	0	0	3	1	1	0	3	1	0	2	1	0	3	0	0	2	0	0	2	1	1	0	2	1	NA
724	0	NA	0	0	NA	0	0	0	NA	4	3	0	3	2	1	0	NA	0	2	4	3	0	4	0	2	0	1	1	0	0	0	3	1	0	0	0	2	0	3	0	1	0
725	0	0	0	7	8	7	0	1	0	1	3	1	1	5	0	NA	NA	4	0	1	0	1	NA	2	3	0	1	NA	4	NA	1	5	3	5	3	1	0	NA	NA	0	4	1
726	4	4	0	1	0	0	0	1	0	0	2	1	4	3	NA	NA	3	1	4	4	0	1	0	3	1	2	1	0	0	0	1	NA	4	1	0	0	0	0	2	0	NA	3
727	0	1	0	7	0	4	0	NA	1	0	8	2	3	0	2	2	4	1	4	0	3	2	2	1	0	NA	1	3	3	3	0	NA	0	1	0	0	NA	2	4	3	2	5
728	NA	5	1	3	0	3	0	NA	0	0	0	0	0	2	0	5	4	0	NA	4	0	3	2	0	1	1	0	0	4	3	1	0	4	0	NA	4	7	0	0	2	0	2
729	1	0	0	0	NA	0	2	0	0	2	1	0	NA	8	0	0	1	NA	NA	NA	4	4	3	3	0	5	0	3	4	1	0	0	3	NA	0	0	7	0	1	0	4	2
730	2	NA	0	4	7	0	3	4	3	0	3	2	3	NA	4	1	2	0	0	0	1	0	8	1	1	1	1	0	0	0	4	0	4	2	3	3	NA	0	2	0	0	7
731	3	1	2	2	0	1	3	1	4	NA	0	4	5	NA	0	5	NA	1	0	0	2	1	4	2	0	3	1	3	0	1	3	3	4	1	NA	0	3	1	2	1	0	0
732	4	1	1	NA	2	4	3	NA	0	0	1	3	1	0	3	2	3	0	1	NA	0	0	0	2	1	1	2	0	1	1	3	2	2	0	0	0	1	0	4	0	0	1
733	1	0	4	2	NA	1	1	4	1	4	NA	0	NA	NA	NA	3	1	0	0	4	2	0	0	1	1	1	2	NA	1	NA	0	0	0	1	7	4	0	3	5	NA	3	0
734	8	3	NA	2	4	3	2	4	0	2	1	1	3	4	1	0	1	3	3	1	0	3	0	0	7	0	1	0	0	0	7	0	NA	4	2	0	4	0	1	0	4	NA
735	1	3	1	2	0	NA	3	NA	0	3	NA	0	1	5	1	5	3	0	3	8	2	3	1	0	3	1	0	1	2	2	2	3	1	0	2	3	2	NA	3	3	4	NA
736	1	0	0	4	1	2	1	0	1	5	3	4	4	1	5	4	0	1	1	0	NA	3	1	0	NA	3	NA	0	2	1	NA	3	1	0	NA	0	0	8	NA	0	4	2
737	0	NA	5	NA	0	3	1	0	NA	NA	2	1	0	1	0	3	0	0	3	3	0	0	1	3	1	4	3	1	NA	3	3	1	3	1	NA	3	5	4	0	3	3	1
738	1	4	NA	4	1	1	4	0	3	0	1	3	0	NA	NA	0	1	1	0	0	0	0	3	3	2	2	0	3	1	NA	0	2	NA	4	NA	1	4	3	3	1	5	1
739	0	5	1	0	3	2	1	3	4	4	4	4	2	2	0	NA	1	0	0	1	NA	5	2	4	0	2	NA	0	0	2	3	1	0	NA	3	7	0	4	0	4	3	3
740	1	1	NA	1	4	0	0	1	1	0	1	2	1	0	0	NA	3	NA	2	1	1	0	3	2	1	2	3	3	2	0	1	1	1	3	0	3	0	2	1	0	1	4
741	NA	1	0	4	2	0	NA	2	1	2	1	2	4	4	4	5	3	0	0	1	0	NA	1	3	3	0	0	1	2	4	3	3	3	0	3	1	3	1	NA	1	1	3
742	3	0	4	0	NA	NA	0	2	3	0	0	2	1	NA	5	0	3	1	1	0	4	0	0	NA	1	0	4	0	0	1	0	3	3	0	3	0	NA	7	1	0	0	4
743	1	2	0	8	2	2	0	0	0	1	0	NA	3	NA	2	NA	0	0	0	0	0	7	1	NA	0	3	0	0	0	3	1	0	0	NA	2	1	1	2	2	0	2	0
744	NA	2	0	0	1	0	0	0	0	NA	2	0	2	0	0	1	4	NA	4	1	3	0	1	1	3	1	2	0	1	1	0	1	7	1	1	NA	0	4	0	1	3	0
745	1	4	5	0	3	3	0	0	2	NA	1	1	1	NA	1	1	4	0	0	4	3	1	0	NA	1	0	0	3	0	4	4	1	0	0	1	1	0	2	1	0	1	2
746	5	4	2	0	0	2	2	7	2	3	1	3	0	4	NA	0	NA	3	0	3	3	3	0	0	1	4	8	4	0	1	3	0	2	1	3	3	3	3	4	2	0	0
747	0	0	4	NA	3	NA	0	0	0	3	1	0	NA	2	0	0	2	1	NA	2	0	4	0	2	3	1	0	4	3	0	0	1	3	0	1	NA	1	1	4	0	5	0
748	0	8	0	3	NA	2	1	3	1	1	1	1	0	3	4	0	0	0	2	NA	4	4	1	1	4	0	1	3	3	NA	3	0	0	0	1	2	2	0	1	0	3	0
749	0	3	3	1	3	4	3	0	3	3	0	1	0	0	0	0	3	0	1	0	2	2	0	3	NA	0	0	0	0	2	3	NA	2	0	3	0	1	0	NA	0	1	1
750	1	0	NA	7	1	4	3	1	3	4	1	2	0	1	NA	0	4	NA	0	0	4	3	0	0	2	3	1	3	0	0	NA	3	0	1	0	2	2	0	0	NA	5	4
751	0	1	1	0	3	0	8	NA	0	0	0	2	4	0	1	3	2	2	0	3	0	4	1	0	1	2	NA	NA	0	3	NA	0	NA	0	4	0	0	3	0	NA	0	3
752	NA	1	1	1	3	NA	3	0	0	1	NA	0	1	0	3	2	3	3	4	3	0	0	4	4	0	NA	1	1	0	2	0	0	0	1	1	0	NA	0	4	1	2	1
753	1	2	2	3	5	0	0	1	2	0	2	0	0	3	0	1	NA	0	5	1	1	1	3	0	4	0	0	3	4	2	1	0	NA	3	0	8	2	0	1	0	3	2
754	0	NA	1	0	0	2	3	0	2	NA	0	4	0	0	2	4	0	0	0	1	0	2	1	0	3	0	NA	0	NA	3	0	0	NA	1	3	1	0	NA	4	2	5	3
755	5	4	0	2	0	3	1	0	4	4	0	1	2	3	0	5	0	0	0	0	1	1	4	1	1	0	0	0	0	4	4	NA	1	0	NA	3	1	0	0	0	3	4
756	1	0	2	1	1	0	1	0	4	0	3	1	3	0	0	1	1	NA	0	0	0	0	7	0	3	4	0	NA	0	0	3	NA	0	0	1	2	1	0	1	1	0	1
757	3	0	3	2	2	2	4	0	NA	2	NA	3	3	0	4	2	3	0	1	0	0	3	NA	3	0	0	0	5	4	8	3	0	0	0	1	NA	1	NA	3	3	NA	1
758	2	NA	3	1	0	1	0	NA	1	3	4	3	0	0	0	4	0	0	1	1	1	3	1	NA	1	3	1	0	3	1	NA	3	0	0	1	0	1	4	NA	NA	4	NA
759	0	4	0	1	3	1	3	0	0	0	3	0	2	0	1	7	0	NA	1	4	3	NA	0	0	3	3	2	8	0	4	3	0	5	0	1	0	NA	1	2	NA	1	3
760	0	0	5	0	4	NA	0	3	3	NA	1	1	0	NA	2	0	8	2	3	4	1	0	3	1	2	0	0	0	4	3	0	0	NA	1	4	1	0	0	3	NA	2	NA
761	3	3	2	0	4	0	1	0	0	0	3	8	5	NA	4	1	3	0	1	3	0	4	0	1	NA	4	0	4	4	4	NA	3	0	3	2	NA	0	0	1	1	0	0
762	0	NA	NA	1	0	3	2	0	0	2	0	2	1	NA	0	0	NA	0	0	0	NA	1	7	2	1	5	0	0	0	4	0	1	NA	4	0	3	3	2	NA	NA	4	0
763	4	0	2	1	7	2	4	1	0	0	4	1	1	1	1	2	7	0	1	0	2	0	0	1	NA	2	0	0	1	1	1	5	0	2	3	4	0	3	NA	0	0	0
764	6	1	1	2	4	1	2	1	1	1	1	0	0	1	0	NA	0	4	0	3	NA	2	0	NA	4	0	0	NA	1	1	4	4	NA	NA	1	0	1	0	0	0	1	0
765	3	1	0	3	0	3	0	2	2	2	2	0	3	3	1	1	8	4	0	2	0	0	NA	2	0	0	1	NA	2	NA	4	0	3	1	1	2	0	1	2	0	0	0
766	0	0	1	4	1	0	1	8	1	0	8	NA	2	0	0	0	0	NA	4	1	0	3	3	0	NA	0	2	4	NA	2	3	2	4	3	1	1	8	2	3	0	NA	1
767	0	0	1	1	1	1	0	0	3	5	1	0	0	1	3	2	0	1	3	0	1	0	3	4	7	1	1	3	1	0	0	1	4	NA	1	1	NA	3	NA	0	NA	0
768	3	NA	3	0	1	0	1	1	0	7	1	3	0	0	0	1	1	0	4	3	NA	0	0	1	3	2	NA	3	NA	3	NA	1	5	0	0	0	3	NA	4	1	NA	3
769	0	0	1	4	4	2	0	1	0	2	3	3	NA	0	1	0	1	2	1	0	3	2	1	4	NA	3	1	0	4	4	0	0	0	3	4	0	0	0	2	NA	3	1
770	1	0	3	0	3	0	4	2	1	5	0	1	4	1	2	2	0	NA	0	1	1	3	2	1	0	1	1	0	1	2	4	2	1	3	1	4	3	0	0	0	0	0
771	0	1	0	NA	NA	NA	0	2	0	1	3	0	3	2	0	NA	0	0	4	4	4	2	0	4	1	0	3	4	NA	3	NA	1	0	4	0	4	4	NA	4	2	0	0
772	2	3	0	5	4	4	3	0	2	0	0	1	4	3	0	1	NA	1	0	0	0	0	4	2	3	0	8	4	0	2	3	3	4	NA	1	0	0	4	5	1	NA	0
773	0	2	0	1	NA	4	4	0	0	0	0	2	3	1	2	4	1	NA	3	NA	5	0	0	4	1	2	NA	0	4	1	2	3	NA	0	0	NA	0	0	0	4	4	4
774	5	0	2	0	0	0	5	0	0	2	1	3	1	NA	3	4	0	3	1	0	1	0	3	3	1	0	1	0	4	1	1	0	1	4	0	7	2	1	3	0	1	0
775	0	4	4	0	NA	0	0	0	0	7	0	0	NA	0	NA	4	4	3	4	0	0	0	0	0	2	3	0	3	1	0	1	0	2	NA	8	0	3	4	3	3	0	3
776	1	4	0	3	NA	0	0	4	0	2	0	5	NA	2	6	1	0	1	8	NA	1	0	0	0	0	0	2	0	0	0	0	4	2	1	0	1	7	0	1	0	1	1
777	0	1	4	7	1	3	3	3	3	1	NA	NA	0	0	NA	NA	0	4	2	1	3	3	NA	3	4	0	4	1	1	NA	0	1	1	0	0	NA	4	2	1	3	0	NA
778	0	1	4	0	NA	0	3	3	0	0	0	0	4	0	1	1	1	NA	0	0	NA	0	4	0	NA	NA	NA	4	3	2	5	NA	0	1	NA	3	1	NA	4	NA	0	0
779	0	NA	2	1	NA	0	0	0	0	3	0	0	2	2	0	1	4	0	1	8	0	2	1	3	0	2	3	0	3	1	2	0	3	3	3	1	1	3	1	0	4	0
780	0	NA	0	4	1	4	2	4	0	3	0	4	1	4	0	4	NA	NA	0	0	4	7	NA	NA	2	5	3	3	3	3	3	1	0	NA	1	NA	0	3	1	5	1	NA
781	8	3	1	3	0	1	2	NA	2	0	3	0	1	4	0	0	0	NA	NA	4	0	4	NA	4	3	4	1	2	2	1	2	0	4	1	NA	0	0	4	2	0	0	0
782	0	0	3	4	1	1	0	1	0	1	0	3	0	3	3	4	0	1	2	0	3	1	0	8	7	0	3	2	0	NA	3	0	NA	1	0	1	2	NA	0	1	3	1
783	1	4	0	2	7	0	5	0	3	1	0	1	NA	1	0	0	5	0	NA	2	0	1	NA	1	3	0	3	1	3	4	4	NA	2	0	4	1	2	0	4	3	1	4
784	0	0	4	4	0	1	2	0	0	3	4	0	2	0	0	1	NA	0	0	0	0	0	3	4	0	2	0	0	0	1	0	0	0	0	0	2	2	1	NA	1	3	4
785	2	1	0	0	NA	0	3	0	1	0	1	0	0	0	1	0	3	1	4	4	4	3	0	0	4	3	5	1	3	4	1	4	4	0	2	NA	NA	3	NA	2	0	3
786	3	0	5	0	1	0	1	3	0	1	7	1	4	1	3	0	0	4	8	2	3	3	3	0	4	NA	1	4	0	1	NA	1	1	4	0	1	0	0	4	0	0	1
787	NA	2	4	0	2	0	0	1	1	5	1	NA	1	0	0	4	3	1	0	1	4	0	0	0	0	1	0	NA	3	3	0	1	5	1	8	3	0	0	1	1	0	3
788	1	2	0	0	1	0	3	1	4	0	0	0	1	0	0	0	3	2	1	1	2	3	0	NA	1	3	0	0	2	1	3	1	0	0	7	7	NA	0	0	NA	7	NA
789	1	1	0	3	3	1	1	3	0	NA	1	1	3	2	2	2	1	1	2	0	0	1	NA	1	NA	1	0	1	1	0	NA	0	1	5	3	0	2	1	0	1	3	0
