feature_a_id	feature_b_id	feature_a_name	feature_b_name	feature_b_dataset	ks_distance
78	76	proteomics_79	proteomics_77	random.realistic.proteomics	0.1549333333333333
76	78	proteomics_77	proteomics_79	random.realistic.proteomics	0.15013333333333334
70	44	proteomics_71	proteomics_45	random.realistic.proteomics	0.14353333333333335
23	57	proteomics_24	proteomics_58	random.realistic.proteomics	-0.13826666666666665
57	23	proteomics_58	proteomics_24	random.realistic.proteomics	-0.13140000000000002
64	107	proteomics_65	metagenomics_8	random.realistic.metagenomics	0.1307333333333333
4	131	proteomics_5	metagenomics_32	random.realistic.metagenomics	0.1277333333333333
74	129	proteomics_75	metagenomics_30	random.realistic.metagenomics	-0.12706666666666666
17	48	proteomics_18	proteomics_49	random.realistic.proteomics	-0.12193333333333334
82	39	proteomics_83	proteomics_40	random.realistic.proteomics	0.11933333333333333
75	14	proteomics_76	proteomics_15	random.realistic.proteomics	0.11893333333333334
44	70	proteomics_45	proteomics_71	random.realistic.proteomics	0.11726666666666666
55	132	proteomics_56	metagenomics_33	random.realistic.metagenomics	0.11499999999999999
56	44	proteomics_57	proteomics_45	random.realistic.proteomics	0.11446666666666666
61	143	proteomics_62	metagenomics_44	random.realistic.metagenomics	0.11433333333333334
73	104	proteomics_74	metagenomics_5	random.realistic.metagenomics	0.11366666666666667
20	79	proteomics_21	proteomics_80	random.realistic.proteomics	0.11193333333333333
48	17	proteomics_49	proteomics_18	random.realistic.proteomics	-0.11166666666666666
44	56	proteomics_45	proteomics_57	random.realistic.proteomics	0.11126666666666667
15	103	proteomics_16	metagenomics_4	random.realistic.metagenomics	0.1108
70	77	proteomics_71	proteomics_78	random.realistic.proteomics	0.10966666666666666
24	66	proteomics_25	proteomics_67	random.realistic.proteomics	0.10893333333333333
14	75	proteomics_15	proteomics_76	random.realistic.proteomics	0.1084
18	32	proteomics_19	proteomics_33	random.realistic.proteomics	0.1084
66	24	proteomics_67	proteomics_25	random.realistic.proteomics	0.1078
39	77	proteomics_40	proteomics_78	random.realistic.proteomics	-0.1072
29	31	proteomics_30	proteomics_32	random.realistic.proteomics	-0.10653333333333334
70	72	proteomics_71	proteomics_73	random.realistic.proteomics	-0.10586666666666666
59	95	proteomics_60	proteomics_96	random.realistic.proteomics	0.10573333333333333
60	71	proteomics_61	proteomics_72	random.realistic.proteomics	0.10553333333333334
53	33	proteomics_54	proteomics_34	random.realistic.proteomics	0.10553333333333334
31	29	proteomics_32	proteomics_30	random.realistic.proteomics	-0.10546666666666667
20	148	proteomics_21	metagenomics_49	random.realistic.metagenomics	-0.1054
50	138	proteomics_51	metagenomics_39	random.realistic.metagenomics	-0.10439999999999999
52	148	proteomics_53	metagenomics_49	random.realistic.metagenomics	0.10413333333333333
78	11	proteomics_79	proteomics_12	random.realistic.proteomics	0.1018
31	36	proteomics_32	proteomics_37	random.realistic.proteomics	0.10120000000000001
89	120	proteomics_90	metagenomics_21	random.realistic.metagenomics	0.10106666666666667
91	5	proteomics_92	proteomics_6	random.realistic.proteomics	0.1004
16	3	proteomics_17	proteomics_4	random.realistic.proteomics	0.10006666666666666
39	82	proteomics_40	proteomics_83	random.realistic.proteomics	0.09966666666666667
74	68	proteomics_75	proteomics_69	random.realistic.proteomics	0.0994
27	75	proteomics_28	proteomics_76	random.realistic.proteomics	0.09926666666666667
32	18	proteomics_33	proteomics_19	random.realistic.proteomics	0.09893333333333333
82	1	proteomics_83	proteomics_2	random.realistic.proteomics	0.09873333333333334
1	82	proteomics_2	proteomics_83	random.realistic.proteomics	0.0986
8	110	proteomics_9	metagenomics_11	random.realistic.metagenomics	-0.0964
75	27	proteomics_76	proteomics_28	random.realistic.proteomics	0.09533333333333333
74	2	proteomics_75	proteomics_3	random.realistic.proteomics	-0.09506666666666666
21	118	proteomics_22	metagenomics_19	random.realistic.metagenomics	-0.0948
5	91	proteomics_6	proteomics_92	random.realistic.proteomics	0.09459999999999999
70	56	proteomics_71	proteomics_57	random.realistic.proteomics	-0.0938
27	40	proteomics_28	proteomics_41	random.realistic.proteomics	-0.09353333333333333
60	108	proteomics_61	metagenomics_9	random.realistic.metagenomics	0.09313333333333333
12	76	proteomics_13	proteomics_77	random.realistic.proteomics	-0.09213333333333333
19	110	proteomics_20	metagenomics_11	random.realistic.metagenomics	-0.09193333333333334
54	142	proteomics_55	metagenomics_43	random.realistic.metagenomics	0.0916
24	43	proteomics_25	proteomics_44	random.realistic.proteomics	0.0914
42	98	proteomics_43	proteomics_99	random.realistic.proteomics	0.09033333333333332
4	45	proteomics_5	proteomics_46	random.realistic.proteomics	-0.089
98	42	proteomics_99	proteomics_43	random.realistic.proteomics	0.08826666666666666
76	12	proteomics_77	proteomics_13	random.realistic.proteomics	-0.08826666666666666
23	86	proteomics_24	proteomics_87	random.realistic.proteomics	-0.08786666666666668
78	12	proteomics_79	proteomics_13	random.realistic.proteomics	0.08726666666666666
63	102	proteomics_64	metagenomics_3	random.realistic.metagenomics	0.08706666666666667
29	36	proteomics_30	proteomics_37	random.realistic.proteomics	0.087
43	24	proteomics_44	proteomics_25	random.realistic.proteomics	0.087
21	102	proteomics_22	metagenomics_3	random.realistic.metagenomics	0.08666666666666667
51	13	proteomics_52	proteomics_14	random.realistic.proteomics	-0.08646666666666666
87	81	proteomics_88	proteomics_82	random.realistic.proteomics	-0.08606666666666667
55	85	proteomics_56	proteomics_86	random.realistic.proteomics	0.086
41	0	proteomics_42	proteomics_1	random.realistic.proteomics	-0.08566666666666667
85	132	proteomics_86	metagenomics_33	random.realistic.metagenomics	-0.08499999999999999
40	27	proteomics_41	proteomics_28	random.realistic.proteomics	-0.0848
66	43	proteomics_67	proteomics_44	random.realistic.proteomics	-0.08446666666666666
12	78	proteomics_13	proteomics_79	random.realistic.proteomics	0.0842
69	13	proteomics_70	proteomics_14	random.realistic.proteomics	-0.0842
91	80	proteomics_92	proteomics_81	random.realistic.proteomics	0.08313333333333334
44	77	proteomics_45	proteomics_78	random.realistic.proteomics	-0.08293333333333333
33	53	proteomics_34	proteomics_54	random.realistic.proteomics	0.08286666666666667
26	59	proteomics_27	proteomics_60	random.realistic.proteomics	-0.08266666666666667
82	7	proteomics_83	proteomics_8	random.realistic.proteomics	0.08266666666666667
94	126	proteomics_95	metagenomics_27	random.realistic.metagenomics	-0.08166666666666667
62	121	proteomics_63	metagenomics_22	random.realistic.metagenomics	0.0816
43	66	proteomics_44	proteomics_67	random.realistic.proteomics	-0.08146666666666666
94	100	proteomics_95	metagenomics_1	random.realistic.metagenomics	0.0812
60	147	proteomics_61	metagenomics_48	random.realistic.metagenomics	0.0812
13	69	proteomics_14	proteomics_70	random.realistic.proteomics	-0.08106666666666666
55	4	proteomics_56	proteomics_5	random.realistic.proteomics	-0.08066666666666666
80	91	proteomics_81	proteomics_92	random.realistic.proteomics	0.08046666666666666
56	11	proteomics_57	proteomics_12	random.realistic.proteomics	0.0802
55	131	proteomics_56	metagenomics_32	random.realistic.metagenomics	0.08006666666666667
57	86	proteomics_58	proteomics_87	random.realistic.proteomics	-0.08
64	46	proteomics_65	proteomics_47	random.realistic.proteomics	-0.07986666666666667
89	90	proteomics_90	proteomics_91	random.realistic.proteomics	0.0796
13	51	proteomics_14	proteomics_52	random.realistic.proteomics	-0.0794
1	39	proteomics_2	proteomics_40	random.realistic.proteomics	-0.07906666666666667
81	127	proteomics_82	metagenomics_28	random.realistic.metagenomics	-0.07853333333333333
91	111	proteomics_92	metagenomics_12	random.realistic.metagenomics	-0.07846666666666667
95	59	proteomics_96	proteomics_60	random.realistic.proteomics	0.07786666666666667
71	60	proteomics_72	proteomics_61	random.realistic.proteomics	0.07693333333333333
0	41	proteomics_1	proteomics_42	random.realistic.proteomics	-0.07653333333333333
31	38	proteomics_32	proteomics_39	random.realistic.proteomics	-0.0758
61	9	proteomics_62	proteomics_10	random.realistic.proteomics	0.07566666666666666
56	70	proteomics_57	proteomics_71	random.realistic.proteomics	-0.07566666666666666
21	58	proteomics_22	proteomics_59	random.realistic.proteomics	-0.07519999999999999
77	70	proteomics_78	proteomics_71	random.realistic.proteomics	0.07513333333333333
15	62	proteomics_16	proteomics_63	random.realistic.proteomics	-0.0746
59	26	proteomics_60	proteomics_27	random.realistic.proteomics	-0.07433333333333333
94	97	proteomics_95	proteomics_98	random.realistic.proteomics	-0.07426666666666666
75	109	proteomics_76	metagenomics_10	random.realistic.metagenomics	0.0742
84	91	proteomics_85	proteomics_92	random.realistic.proteomics	-0.07400000000000001
76	11	proteomics_77	proteomics_12	random.realistic.proteomics	-0.07393333333333332
81	87	proteomics_82	proteomics_88	random.realistic.proteomics	-0.07386666666666666
23	109	proteomics_24	metagenomics_10	random.realistic.metagenomics	0.0738
34	32	proteomics_35	proteomics_33	random.realistic.proteomics	0.07319999999999999
17	135	proteomics_18	metagenomics_36	random.realistic.metagenomics	-0.07306666666666667
98	9	proteomics_99	proteomics_10	random.realistic.proteomics	0.07246666666666667
98	35	proteomics_99	proteomics_36	random.realistic.proteomics	0.07239999999999999
58	118	proteomics_59	metagenomics_19	random.realistic.metagenomics	-0.07206666666666667
20	52	proteomics_21	proteomics_53	random.realistic.proteomics	0.07200000000000001
7	82	proteomics_8	proteomics_83	random.realistic.proteomics	0.0718
42	35	proteomics_43	proteomics_36	random.realistic.proteomics	-0.07166666666666667
9	42	proteomics_10	proteomics_43	random.realistic.proteomics	-0.07139999999999999
32	112	proteomics_33	metagenomics_13	random.realistic.metagenomics	0.07113333333333333
88	118	proteomics_89	metagenomics_19	random.realistic.metagenomics	0.07066666666666667
36	31	proteomics_37	proteomics_32	random.realistic.proteomics	0.07046666666666668
91	84	proteomics_92	proteomics_85	random.realistic.proteomics	-0.07046666666666666
18	112	proteomics_19	metagenomics_13	random.realistic.metagenomics	-0.0704
29	96	proteomics_30	proteomics_97	random.realistic.proteomics	0.07020000000000001
21	88	proteomics_22	proteomics_89	random.realistic.proteomics	0.0702
52	118	proteomics_53	metagenomics_19	random.realistic.metagenomics	-0.07
52	79	proteomics_53	proteomics_80	random.realistic.proteomics	-0.06993333333333333
9	98	proteomics_10	proteomics_99	random.realistic.proteomics	0.06993333333333333
46	64	proteomics_47	proteomics_65	random.realistic.proteomics	-0.0688
59	122	proteomics_60	metagenomics_23	random.realistic.metagenomics	0.06866666666666667
9	143	proteomics_10	metagenomics_44	random.realistic.metagenomics	-0.0686
42	9	proteomics_43	proteomics_10	random.realistic.proteomics	-0.0686
46	107	proteomics_47	metagenomics_8	random.realistic.metagenomics	0.0684
42	65	proteomics_43	proteomics_66	random.realistic.proteomics	0.06833333333333333
94	0	proteomics_95	proteomics_1	random.realistic.proteomics	-0.06833333333333333
68	0	proteomics_69	proteomics_1	random.realistic.proteomics	0.0676
1	7	proteomics_2	proteomics_8	random.realistic.proteomics	-0.06753333333333333
96	31	proteomics_97	proteomics_32	random.realistic.proteomics	0.06739999999999999
30	107	proteomics_31	metagenomics_8	random.realistic.metagenomics	-0.06713333333333334
9	61	proteomics_10	proteomics_62	random.realistic.proteomics	0.06666666666666667
28	146	proteomics_29	metagenomics_47	random.realistic.metagenomics	-0.06653333333333333
86	23	proteomics_87	proteomics_24	random.realistic.proteomics	-0.0664
31	96	proteomics_32	proteomics_97	random.realistic.proteomics	0.0664
39	1	proteomics_40	proteomics_2	random.realistic.proteomics	-0.06633333333333333
4	55	proteomics_5	proteomics_56	random.realistic.proteomics	-0.06613333333333334
72	70	proteomics_73	proteomics_71	random.realistic.proteomics	-0.06613333333333334
52	20	proteomics_53	proteomics_21	random.realistic.proteomics	0.06573333333333334
81	106	proteomics_82	metagenomics_7	random.realistic.metagenomics	0.06533333333333333
86	57	proteomics_87	proteomics_58	random.realistic.proteomics	-0.06533333333333333
93	112	proteomics_94	metagenomics_13	random.realistic.metagenomics	-0.06513333333333332
33	139	proteomics_34	metagenomics_40	random.realistic.metagenomics	0.06453333333333333
21	63	proteomics_22	proteomics_64	random.realistic.proteomics	-0.06446666666666667
36	29	proteomics_37	proteomics_30	random.realistic.proteomics	0.06433333333333333
61	20	proteomics_62	proteomics_21	random.realistic.proteomics	-0.06413333333333333
60	26	proteomics_61	proteomics_27	random.realistic.proteomics	-0.06386666666666665
61	100	proteomics_62	metagenomics_1	random.realistic.metagenomics	0.06373333333333334
77	39	proteomics_78	proteomics_40	random.realistic.proteomics	-0.06366666666666666
84	22	proteomics_85	proteomics_23	random.realistic.proteomics	-0.0634
19	59	proteomics_20	proteomics_60	random.realistic.proteomics	0.06273333333333334
44	11	proteomics_45	proteomics_12	random.realistic.proteomics	-0.06259999999999999
52	58	proteomics_53	proteomics_59	random.realistic.proteomics	-0.06253333333333333
46	17	proteomics_47	proteomics_18	random.realistic.proteomics	0.06246666666666666
68	129	proteomics_69	metagenomics_30	random.realistic.metagenomics	0.062400000000000004
74	87	proteomics_75	proteomics_88	random.realistic.proteomics	0.0624
73	109	proteomics_74	metagenomics_10	random.realistic.metagenomics	-0.06233333333333334
53	11	proteomics_54	proteomics_12	random.realistic.proteomics	0.06233333333333333
26	95	proteomics_27	proteomics_96	random.realistic.proteomics	0.06233333333333333
6	141	proteomics_7	metagenomics_42	random.realistic.metagenomics	-0.062266666666666665
68	74	proteomics_69	proteomics_75	random.realistic.proteomics	0.06213333333333333
50	128	proteomics_51	metagenomics_29	random.realistic.metagenomics	0.06193333333333334
96	29	proteomics_97	proteomics_30	random.realistic.proteomics	0.061933333333333326
98	65	proteomics_99	proteomics_66	random.realistic.proteomics	-0.061799999999999994
20	143	proteomics_21	metagenomics_44	random.realistic.metagenomics	0.061733333333333335
89	147	proteomics_90	metagenomics_48	random.realistic.metagenomics	-0.06153333333333333
50	35	proteomics_51	proteomics_36	random.realistic.proteomics	-0.06133333333333334
84	67	proteomics_85	proteomics_68	random.realistic.proteomics	0.061266666666666664
4	86	proteomics_5	proteomics_87	random.realistic.proteomics	-0.061200000000000004
7	83	proteomics_8	proteomics_84	random.realistic.proteomics	-0.06113333333333333
25	123	proteomics_26	metagenomics_24	random.realistic.metagenomics	0.06093333333333333
2	105	proteomics_3	metagenomics_6	random.realistic.metagenomics	-0.06093333333333333
34	18	proteomics_35	proteomics_19	random.realistic.proteomics	-0.060866666666666666
89	8	proteomics_90	proteomics_9	random.realistic.proteomics	0.0608
29	38	proteomics_30	proteomics_39	random.realistic.proteomics	-0.06066666666666666
55	45	proteomics_56	proteomics_46	random.realistic.proteomics	-0.06066666666666666
57	109	proteomics_58	metagenomics_10	random.realistic.metagenomics	0.0606
41	140	proteomics_42	metagenomics_41	random.realistic.metagenomics	-0.0606
2	129	proteomics_3	metagenomics_30	random.realistic.metagenomics	-0.06053333333333333
26	60	proteomics_27	proteomics_61	random.realistic.proteomics	-0.06053333333333333
50	30	proteomics_51	proteomics_31	random.realistic.proteomics	-0.0604
2	74	proteomics_3	proteomics_75	random.realistic.proteomics	-0.060399999999999995
24	10	proteomics_25	proteomics_11	random.realistic.proteomics	0.060200000000000004
35	42	proteomics_36	proteomics_43	random.realistic.proteomics	-0.06006666666666667
19	8	proteomics_20	proteomics_9	random.realistic.proteomics	-0.06
79	148	proteomics_80	metagenomics_49	random.realistic.metagenomics	0.05993333333333333
30	138	proteomics_31	metagenomics_39	random.realistic.metagenomics	-0.059866666666666665
30	50	proteomics_31	proteomics_51	random.realistic.proteomics	-0.059800000000000006
53	113	proteomics_54	metagenomics_14	random.realistic.metagenomics	-0.05973333333333333
32	34	proteomics_33	proteomics_35	random.realistic.proteomics	0.05973333333333333
4	27	proteomics_5	proteomics_28	random.realistic.proteomics	-0.05973333333333333
35	98	proteomics_36	proteomics_99	random.realistic.proteomics	0.059666666666666666
83	7	proteomics_84	proteomics_8	random.realistic.proteomics	-0.059399999999999994
46	48	proteomics_47	proteomics_49	random.realistic.proteomics	0.059333333333333335
7	127	proteomics_8	metagenomics_28	random.realistic.metagenomics	-0.059133333333333336
59	47	proteomics_60	proteomics_48	random.realistic.proteomics	-0.05906666666666667
79	20	proteomics_80	proteomics_21	random.realistic.proteomics	0.05893333333333334
13	115	proteomics_14	metagenomics_16	random.realistic.metagenomics	0.058666666666666666
87	129	proteomics_88	metagenomics_30	random.realistic.metagenomics	0.058666666666666666
20	61	proteomics_21	proteomics_62	random.realistic.proteomics	-0.05846666666666667
83	16	proteomics_84	proteomics_17	random.realistic.proteomics	-0.058333333333333334
87	74	proteomics_88	proteomics_75	random.realistic.proteomics	0.05826666666666667
77	44	proteomics_78	proteomics_45	random.realistic.proteomics	-0.05813333333333333
90	16	proteomics_91	proteomics_17	random.realistic.proteomics	0.05813333333333333
21	49	proteomics_22	proteomics_50	random.realistic.proteomics	-0.057800000000000004
96	36	proteomics_97	proteomics_37	random.realistic.proteomics	-0.05773333333333333
40	139	proteomics_41	metagenomics_40	random.realistic.metagenomics	0.05766666666666667
90	83	proteomics_91	proteomics_84	random.realistic.proteomics	0.05766666666666667
52	88	proteomics_53	proteomics_89	random.realistic.proteomics	0.057466666666666666
39	7	proteomics_40	proteomics_8	random.realistic.proteomics	-0.05706666666666667
64	96	proteomics_65	proteomics_97	random.realistic.proteomics	-0.057
67	22	proteomics_68	proteomics_23	random.realistic.proteomics	0.056933333333333336
48	135	proteomics_49	metagenomics_36	random.realistic.metagenomics	-0.05666666666666667
1	42	proteomics_2	proteomics_43	random.realistic.proteomics	-0.056466666666666665
81	63	proteomics_82	proteomics_64	random.realistic.proteomics	0.056466666666666665
99	37	proteomics_100	proteomics_38	random.realistic.proteomics	-0.05633333333333333
87	127	proteomics_88	metagenomics_28	random.realistic.metagenomics	-0.056266666666666666
85	55	proteomics_86	proteomics_56	random.realistic.proteomics	0.05606666666666667
8	19	proteomics_9	proteomics_20	random.realistic.proteomics	-0.056
9	35	proteomics_10	proteomics_36	random.realistic.proteomics	-0.055933333333333335
95	110	proteomics_96	metagenomics_11	random.realistic.metagenomics	0.05586666666666667
8	95	proteomics_9	proteomics_96	random.realistic.proteomics	0.05553333333333334
98	1	proteomics_99	proteomics_2	random.realistic.proteomics	0.055466666666666664
18	34	proteomics_19	proteomics_35	random.realistic.proteomics	-0.055466666666666664
3	16	proteomics_4	proteomics_17	random.realistic.proteomics	0.055400000000000005
38	31	proteomics_39	proteomics_32	random.realistic.proteomics	-0.05506666666666667
66	10	proteomics_67	proteomics_11	random.realistic.proteomics	-0.054933333333333334
26	71	proteomics_27	proteomics_72	random.realistic.proteomics	0.0548
62	15	proteomics_63	proteomics_16	random.realistic.proteomics	-0.0548
1	98	proteomics_2	proteomics_99	random.realistic.proteomics	0.05466666666666667
51	103	proteomics_52	metagenomics_4	random.realistic.metagenomics	0.054599999999999996
44	72	proteomics_45	proteomics_73	random.realistic.proteomics	0.054533333333333336
16	83	proteomics_17	proteomics_84	random.realistic.proteomics	-0.054400000000000004
64	34	proteomics_65	proteomics_35	random.realistic.proteomics	0.05433333333333333
37	140	proteomics_38	metagenomics_41	random.realistic.metagenomics	-0.05433333333333333
7	1	proteomics_8	proteomics_2	random.realistic.proteomics	-0.05426666666666667
2	111	proteomics_3	metagenomics_12	random.realistic.metagenomics	0.0542
62	103	proteomics_63	metagenomics_4	random.realistic.metagenomics	0.05413333333333333
95	26	proteomics_96	proteomics_27	random.realistic.proteomics	0.054066666666666666
46	72	proteomics_47	proteomics_73	random.realistic.proteomics	0.054066666666666666
71	108	proteomics_72	metagenomics_9	random.realistic.metagenomics	-0.0536
58	88	proteomics_59	proteomics_89	random.realistic.proteomics	0.053599999999999995
11	56	proteomics_12	proteomics_57	random.realistic.proteomics	0.05346666666666666
5	80	proteomics_6	proteomics_81	random.realistic.proteomics	-0.05333333333333333
80	5	proteomics_81	proteomics_6	random.realistic.proteomics	-0.05333333333333333
5	16	proteomics_6	proteomics_17	random.realistic.proteomics	-0.05333333333333333
96	83	proteomics_97	proteomics_84	random.realistic.proteomics	-0.0532
59	19	proteomics_60	proteomics_20	random.realistic.proteomics	0.05313333333333334
7	39	proteomics_8	proteomics_40	random.realistic.proteomics	-0.053066666666666665
34	141	proteomics_35	metagenomics_42	random.realistic.metagenomics	0.053066666666666665
88	58	proteomics_89	proteomics_59	random.realistic.proteomics	0.053066666666666665
49	3	proteomics_50	proteomics_4	random.realistic.proteomics	0.053000000000000005
2	10	proteomics_3	proteomics_11	random.realistic.proteomics	0.0528
11	78	proteomics_12	proteomics_79	random.realistic.proteomics	0.0528
58	117	proteomics_59	metagenomics_18	random.realistic.metagenomics	-0.05266666666666667
32	93	proteomics_33	proteomics_94	random.realistic.proteomics	0.0526
71	147	proteomics_72	metagenomics_48	random.realistic.metagenomics	-0.052533333333333335
59	56	proteomics_60	proteomics_57	random.realistic.proteomics	-0.05246666666666666
37	97	proteomics_38	proteomics_98	random.realistic.proteomics	-0.05246666666666666
99	94	proteomics_100	proteomics_95	random.realistic.proteomics	0.052333333333333336
49	53	proteomics_50	proteomics_54	random.realistic.proteomics	0.05233333333333333
73	108	proteomics_74	metagenomics_9	random.realistic.metagenomics	0.052066666666666664
68	41	proteomics_69	proteomics_42	random.realistic.proteomics	0.05193333333333333
64	30	proteomics_65	proteomics_31	random.realistic.proteomics	0.05193333333333333
12	105	proteomics_13	metagenomics_6	random.realistic.metagenomics	-0.05186666666666667
90	89	proteomics_91	proteomics_90	random.realistic.proteomics	0.0518
27	14	proteomics_28	proteomics_15	random.realistic.proteomics	-0.0516
16	5	proteomics_17	proteomics_6	random.realistic.proteomics	-0.0516
53	139	proteomics_54	metagenomics_40	random.realistic.metagenomics	-0.05146666666666667
98	145	proteomics_99	metagenomics_46	random.realistic.metagenomics	-0.0514
55	65	proteomics_56	proteomics_66	random.realistic.proteomics	0.05126666666666667
59	46	proteomics_60	proteomics_47	random.realistic.proteomics	-0.051199999999999996
24	126	proteomics_25	metagenomics_27	random.realistic.metagenomics	0.05106666666666666
43	146	proteomics_44	metagenomics_47	random.realistic.metagenomics	-0.050866666666666664
96	38	proteomics_97	proteomics_39	random.realistic.proteomics	0.050866666666666664
24	106	proteomics_25	metagenomics_7	random.realistic.metagenomics	-0.0508
15	51	proteomics_16	proteomics_52	random.realistic.proteomics	-0.0508
27	130	proteomics_28	metagenomics_31	random.realistic.metagenomics	-0.0508
14	27	proteomics_15	proteomics_28	random.realistic.proteomics	-0.05073333333333334
22	67	proteomics_23	proteomics_68	random.realistic.proteomics	0.05073333333333333
63	33	proteomics_64	proteomics_34	random.realistic.proteomics	0.050600000000000006
6	92	proteomics_7	proteomics_93	random.realistic.proteomics	-0.0506
88	3	proteomics_89	proteomics_4	random.realistic.proteomics	0.0504
14	56	proteomics_15	proteomics_57	random.realistic.proteomics	0.0504
41	139	proteomics_42	metagenomics_40	random.realistic.metagenomics	-0.0504
30	64	proteomics_31	proteomics_65	random.realistic.proteomics	0.05026666666666667
16	25	proteomics_17	proteomics_26	random.realistic.proteomics	-0.0502
13	111	proteomics_14	metagenomics_12	random.realistic.metagenomics	-0.050199999999999995
67	114	proteomics_68	metagenomics_15	random.realistic.metagenomics	0.050133333333333335
38	29	proteomics_39	proteomics_30	random.realistic.proteomics	-0.04993333333333333
42	145	proteomics_43	metagenomics_46	random.realistic.metagenomics	0.04993333333333333
16	123	proteomics_17	metagenomics_24	random.realistic.metagenomics	0.0498
94	115	proteomics_95	metagenomics_16	random.realistic.metagenomics	-0.049666666666666665
18	93	proteomics_19	proteomics_94	random.realistic.proteomics	-0.0496
56	77	proteomics_57	proteomics_78	random.realistic.proteomics	0.04953333333333333
26	19	proteomics_27	proteomics_20	random.realistic.proteomics	0.049466666666666666
40	67	proteomics_41	proteomics_68	random.realistic.proteomics	0.04933333333333333
8	130	proteomics_9	metagenomics_31	random.realistic.metagenomics	0.04933333333333333
97	133	proteomics_98	metagenomics_34	random.realistic.metagenomics	0.04906666666666667
83	96	proteomics_84	proteomics_97	random.realistic.proteomics	-0.048933333333333336
46	59	proteomics_47	proteomics_60	random.realistic.proteomics	-0.04893333333333333
84	114	proteomics_85	metagenomics_15	random.realistic.metagenomics	-0.04853333333333333
69	123	proteomics_70	metagenomics_24	random.realistic.metagenomics	0.04833333333333333
72	44	proteomics_73	proteomics_45	random.realistic.proteomics	0.04833333333333333
90	120	proteomics_91	metagenomics_21	random.realistic.metagenomics	-0.04833333333333333
49	102	proteomics_50	metagenomics_3	random.realistic.metagenomics	0.048266666666666666
38	36	proteomics_39	proteomics_37	random.realistic.proteomics	0.047933333333333335
61	79	proteomics_62	proteomics_80	random.realistic.proteomics	0.04786666666666667
51	62	proteomics_52	proteomics_63	random.realistic.proteomics	-0.047799999999999995
34	112	proteomics_35	metagenomics_13	random.realistic.metagenomics	-0.047799999999999995
43	111	proteomics_44	metagenomics_12	random.realistic.metagenomics	-0.04766666666666666
84	85	proteomics_85	proteomics_86	random.realistic.proteomics	-0.0476
36	38	proteomics_37	proteomics_39	random.realistic.proteomics	0.04746666666666667
9	1	proteomics_10	proteomics_2	random.realistic.proteomics	-0.04746666666666667
35	9	proteomics_36	proteomics_10	random.realistic.proteomics	-0.0474
99	0	proteomics_100	proteomics_1	random.realistic.proteomics	0.0474
42	1	proteomics_43	proteomics_2	random.realistic.proteomics	-0.0474
97	37	proteomics_98	proteomics_38	random.realistic.proteomics	-0.0474
5	84	proteomics_6	proteomics_85	random.realistic.proteomics	0.047266666666666665
65	42	proteomics_66	proteomics_43	random.realistic.proteomics	0.0472
73	30	proteomics_74	proteomics_31	random.realistic.proteomics	0.04713333333333333
6	101	proteomics_7	metagenomics_2	random.realistic.metagenomics	0.04713333333333333
26	147	proteomics_27	metagenomics_48	random.realistic.metagenomics	0.04713333333333333
83	70	proteomics_84	proteomics_71	random.realistic.proteomics	0.047066666666666666
92	37	proteomics_93	proteomics_38	random.realistic.proteomics	-0.047
19	26	proteomics_20	proteomics_27	random.realistic.proteomics	0.047
24	41	proteomics_25	proteomics_42	random.realistic.proteomics	-0.046933333333333334
12	83	proteomics_13	proteomics_84	random.realistic.proteomics	0.04686666666666667
84	5	proteomics_85	proteomics_6	random.realistic.proteomics	0.04686666666666667
82	101	proteomics_83	metagenomics_2	random.realistic.metagenomics	0.046733333333333335
89	123	proteomics_90	metagenomics_24	random.realistic.metagenomics	0.04666666666666667
65	98	proteomics_66	proteomics_99	random.realistic.proteomics	-0.0466
70	83	proteomics_71	proteomics_84	random.realistic.proteomics	0.04646666666666667
61	145	proteomics_62	metagenomics_46	random.realistic.metagenomics	0.0464
73	92	proteomics_74	proteomics_93	random.realistic.proteomics	0.0464
34	6	proteomics_35	proteomics_7	random.realistic.proteomics	0.0464
16	90	proteomics_17	proteomics_91	random.realistic.proteomics	0.04633333333333334
26	108	proteomics_27	metagenomics_9	random.realistic.metagenomics	0.046266666666666664
53	49	proteomics_54	proteomics_50	random.realistic.proteomics	0.04613333333333333
67	84	proteomics_68	proteomics_85	random.realistic.proteomics	0.046
43	76	proteomics_44	proteomics_77	random.realistic.proteomics	0.04593333333333333
97	3	proteomics_98	proteomics_4	random.realistic.proteomics	0.04586666666666667
51	15	proteomics_52	proteomics_16	random.realistic.proteomics	-0.0458
89	52	proteomics_90	proteomics_53	random.realistic.proteomics	0.045733333333333334
8	89	proteomics_9	proteomics_90	random.realistic.proteomics	0.045733333333333334
67	40	proteomics_68	proteomics_41	random.realistic.proteomics	0.045733333333333334
87	13	proteomics_88	proteomics_14	random.realistic.proteomics	-0.0456
72	136	proteomics_73	metagenomics_37	random.realistic.metagenomics	-0.04546666666666667
14	83	proteomics_15	proteomics_84	random.realistic.proteomics	0.045399999999999996
90	134	proteomics_91	metagenomics_35	random.realistic.metagenomics	-0.04526666666666666
34	64	proteomics_35	proteomics_65	random.realistic.proteomics	0.04513333333333333
51	69	proteomics_52	proteomics_70	random.realistic.proteomics	-0.04513333333333333
4	49	proteomics_5	proteomics_50	random.realistic.proteomics	-0.04513333333333333
54	130	proteomics_55	metagenomics_31	random.realistic.metagenomics	-0.045066666666666665
36	96	proteomics_37	proteomics_97	random.realistic.proteomics	-0.045
90	5	proteomics_91	proteomics_6	random.realistic.proteomics	0.04493333333333333
18	22	proteomics_19	proteomics_23	random.realistic.proteomics	0.04493333333333333
43	10	proteomics_44	proteomics_11	random.realistic.proteomics	-0.044800000000000006
83	127	proteomics_84	metagenomics_28	random.realistic.metagenomics	-0.0448
34	101	proteomics_35	metagenomics_2	random.realistic.metagenomics	-0.04466666666666667
8	120	proteomics_9	metagenomics_21	random.realistic.metagenomics	-0.04466666666666667
55	145	proteomics_56	metagenomics_46	random.realistic.metagenomics	-0.044399999999999995
43	28	proteomics_44	proteomics_29	random.realistic.proteomics	-0.044
0	68	proteomics_1	proteomics_69	random.realistic.proteomics	0.044
46	95	proteomics_47	proteomics_96	random.realistic.proteomics	0.04393333333333334
92	141	proteomics_93	metagenomics_42	random.realistic.metagenomics	-0.04393333333333334
66	106	proteomics_67	metagenomics_7	random.realistic.metagenomics	0.04393333333333333
60	29	proteomics_61	proteomics_30	random.realistic.proteomics	0.043800000000000006
7	145	proteomics_8	metagenomics_46	random.realistic.metagenomics	-0.0438
22	114	proteomics_23	metagenomics_15	random.realistic.metagenomics	-0.0438
5	0	proteomics_6	proteomics_1	random.realistic.proteomics	-0.0436
22	124	proteomics_23	metagenomics_25	random.realistic.metagenomics	-0.0436
17	46	proteomics_18	proteomics_47	random.realistic.proteomics	0.0436
83	14	proteomics_84	proteomics_15	random.realistic.proteomics	0.04346666666666667
97	94	proteomics_98	proteomics_95	random.realistic.proteomics	-0.0434
89	49	proteomics_90	proteomics_50	random.realistic.proteomics	-0.043333333333333335
40	3	proteomics_41	proteomics_4	random.realistic.proteomics	-0.043333333333333335
30	46	proteomics_31	proteomics_47	random.realistic.proteomics	0.043333333333333335
2	86	proteomics_3	proteomics_87	random.realistic.proteomics	-0.04326666666666667
13	87	proteomics_14	proteomics_88	random.realistic.proteomics	-0.04326666666666667
39	70	proteomics_40	proteomics_71	random.realistic.proteomics	0.04326666666666666
1	9	proteomics_2	proteomics_10	random.realistic.proteomics	-0.04326666666666666
1	101	proteomics_2	metagenomics_2	random.realistic.metagenomics	-0.0432
56	14	proteomics_57	proteomics_15	random.realistic.proteomics	0.0432
99	100	proteomics_100	metagenomics_1	random.realistic.metagenomics	-0.04313333333333333
26	47	proteomics_27	proteomics_48	random.realistic.proteomics	-0.043
92	6	proteomics_93	proteomics_7	random.realistic.proteomics	-0.043
69	51	proteomics_70	proteomics_52	random.realistic.proteomics	-0.042800000000000005
50	116	proteomics_51	metagenomics_17	random.realistic.metagenomics	0.042800000000000005
80	136	proteomics_81	metagenomics_37	random.realistic.metagenomics	0.04273333333333333
69	115	proteomics_70	metagenomics_16	random.realistic.metagenomics	0.04273333333333333
30	75	proteomics_31	proteomics_76	random.realistic.proteomics	0.04273333333333333
65	132	proteomics_66	metagenomics_33	random.realistic.metagenomics	-0.04273333333333333
48	46	proteomics_49	proteomics_47	random.realistic.proteomics	0.0426
79	52	proteomics_80	proteomics_53	random.realistic.proteomics	-0.0426
22	84	proteomics_23	proteomics_85	random.realistic.proteomics	-0.04253333333333333
38	96	proteomics_39	proteomics_97	random.realistic.proteomics	0.042466666666666666
85	84	proteomics_86	proteomics_85	random.realistic.proteomics	-0.042466666666666666
30	104	proteomics_31	metagenomics_5	random.realistic.metagenomics	-0.042466666666666666
47	59	proteomics_48	proteomics_60	random.realistic.proteomics	-0.0424
30	73	proteomics_31	proteomics_74	random.realistic.proteomics	0.0424
99	140	proteomics_100	metagenomics_41	random.realistic.metagenomics	-0.042333333333333334
95	122	proteomics_96	metagenomics_23	random.realistic.metagenomics	-0.042333333333333334
84	124	proteomics_85	metagenomics_25	random.realistic.metagenomics	-0.04226666666666667
63	81	proteomics_64	proteomics_82	random.realistic.proteomics	0.0422
34	107	proteomics_35	metagenomics_8	random.realistic.metagenomics	-0.0422
66	126	proteomics_67	metagenomics_27	random.realistic.metagenomics	-0.04206666666666667
84	80	proteomics_85	proteomics_81	random.realistic.proteomics	0.042
11	76	proteomics_12	proteomics_77	random.realistic.proteomics	-0.041933333333333336
97	48	proteomics_98	proteomics_49	random.realistic.proteomics	-0.04186666666666667
68	135	proteomics_69	metagenomics_36	random.realistic.metagenomics	-0.04186666666666667
4	47	proteomics_5	proteomics_48	random.realistic.proteomics	0.04186666666666666
89	116	proteomics_90	metagenomics_17	random.realistic.metagenomics	0.0418
87	68	proteomics_88	proteomics_69	random.realistic.proteomics	-0.04173333333333333
82	77	proteomics_83	proteomics_78	random.realistic.proteomics	0.04173333333333333
87	106	proteomics_88	metagenomics_7	random.realistic.metagenomics	0.0416
61	86	proteomics_62	proteomics_87	random.realistic.proteomics	-0.04153333333333333
11	44	proteomics_12	proteomics_45	random.realistic.proteomics	-0.041466666666666666
14	36	proteomics_15	proteomics_37	random.realistic.proteomics	0.041466666666666666
25	45	proteomics_26	proteomics_46	random.realistic.proteomics	0.0414
41	68	proteomics_42	proteomics_69	random.realistic.proteomics	0.04126666666666667
43	106	proteomics_44	metagenomics_7	random.realistic.metagenomics	0.04126666666666667
83	12	proteomics_84	proteomics_13	random.realistic.proteomics	0.04126666666666667
91	37	proteomics_92	proteomics_38	random.realistic.proteomics	0.04126666666666667
47	123	proteomics_48	metagenomics_24	random.realistic.metagenomics	0.0412
31	134	proteomics_32	metagenomics_35	random.realistic.metagenomics	-0.0412
40	65	proteomics_41	proteomics_66	random.realistic.proteomics	0.041133333333333334
73	134	proteomics_74	metagenomics_35	random.realistic.metagenomics	0.04106666666666667
83	90	proteomics_84	proteomics_91	random.realistic.proteomics	0.040999999999999995
80	133	proteomics_81	metagenomics_34	random.realistic.metagenomics	-0.040933333333333335
39	101	proteomics_40	metagenomics_2	random.realistic.metagenomics	-0.04086666666666667
51	113	proteomics_52	metagenomics_14	random.realistic.metagenomics	0.0408
40	48	proteomics_41	proteomics_49	random.realistic.proteomics	-0.0408
26	122	proteomics_27	metagenomics_23	random.realistic.metagenomics	0.04073333333333333
25	16	proteomics_26	proteomics_17	random.realistic.proteomics	-0.04053333333333334
91	3	proteomics_92	proteomics_4	random.realistic.proteomics	0.04053333333333334
87	2	proteomics_88	proteomics_3	random.realistic.proteomics	0.040466666666666665
95	47	proteomics_96	proteomics_48	random.realistic.proteomics	0.040466666666666665
14	25	proteomics_15	proteomics_26	random.realistic.proteomics	0.0404
96	48	proteomics_97	proteomics_49	random.realistic.proteomics	-0.0404
16	134	proteomics_17	metagenomics_35	random.realistic.metagenomics	0.0404
77	56	proteomics_78	proteomics_57	random.realistic.proteomics	0.04033333333333333
46	26	proteomics_47	proteomics_27	random.realistic.proteomics	-0.04026666666666667
43	78	proteomics_44	proteomics_79	random.realistic.proteomics	-0.04026666666666667
68	2	proteomics_69	proteomics_3	random.realistic.proteomics	0.04013333333333333
9	20	proteomics_10	proteomics_21	random.realistic.proteomics	0.039999999999999994
67	124	proteomics_68	metagenomics_25	random.realistic.metagenomics	0.03986666666666667
31	112	proteomics_32	metagenomics_13	random.realistic.metagenomics	0.03986666666666667
71	105	proteomics_72	metagenomics_6	random.realistic.metagenomics	0.03986666666666667
98	38	proteomics_99	proteomics_39	random.realistic.proteomics	-0.0398
19	148	proteomics_20	metagenomics_49	random.realistic.metagenomics	0.0398
35	65	proteomics_36	proteomics_66	random.realistic.proteomics	0.0398
64	50	proteomics_65	proteomics_51	random.realistic.proteomics	-0.03973333333333333
62	51	proteomics_63	proteomics_52	random.realistic.proteomics	-0.039599999999999996
37	94	proteomics_38	proteomics_95	random.realistic.proteomics	-0.039599999999999996
89	51	proteomics_90	proteomics_52	random.realistic.proteomics	0.03953333333333334
48	97	proteomics_49	proteomics_98	random.realistic.proteomics	-0.039466666666666664
69	16	proteomics_70	proteomics_17	random.realistic.proteomics	-0.03933333333333333
53	119	proteomics_54	metagenomics_20	random.realistic.metagenomics	0.03933333333333333
35	50	proteomics_36	proteomics_51	random.realistic.proteomics	-0.03926666666666667
19	50	proteomics_20	proteomics_51	random.realistic.proteomics	0.039266666666666665
37	124	proteomics_38	metagenomics_25	random.realistic.metagenomics	-0.0392
63	21	proteomics_64	proteomics_22	random.realistic.proteomics	-0.0392
29	60	proteomics_30	proteomics_61	random.realistic.proteomics	0.0392
64	138	proteomics_65	metagenomics_39	random.realistic.metagenomics	-0.03913333333333334
16	69	proteomics_17	proteomics_70	random.realistic.proteomics	-0.03913333333333333
78	43	proteomics_79	proteomics_44	random.realistic.proteomics	-0.039066666666666666
0	94	proteomics_1	proteomics_95	random.realistic.proteomics	-0.039066666666666666
52	89	proteomics_53	proteomics_90	random.realistic.proteomics	0.039066666666666666
25	135	proteomics_26	metagenomics_36	random.realistic.metagenomics	0.039
18	67	proteomics_19	proteomics_68	random.realistic.proteomics	-0.038933333333333334
97	47	proteomics_98	proteomics_48	random.realistic.proteomics	-0.038933333333333334
14	11	proteomics_15	proteomics_12	random.realistic.proteomics	-0.038933333333333334
40	58	proteomics_41	proteomics_59	random.realistic.proteomics	0.03873333333333333
98	80	proteomics_99	proteomics_81	random.realistic.proteomics	0.03866666666666667
40	105	proteomics_41	metagenomics_6	random.realistic.metagenomics	-0.03866666666666667
5	90	proteomics_6	proteomics_91	random.realistic.proteomics	0.038533333333333336
99	126	proteomics_100	metagenomics_27	random.realistic.metagenomics	0.03846666666666666
25	47	proteomics_26	proteomics_48	random.realistic.proteomics	-0.038400000000000004
49	119	proteomics_50	metagenomics_20	random.realistic.metagenomics	-0.038400000000000004
1	65	proteomics_2	proteomics_66	random.realistic.proteomics	0.038400000000000004
47	97	proteomics_48	proteomics_98	random.realistic.proteomics	-0.038400000000000004
75	56	proteomics_76	proteomics_57	random.realistic.proteomics	-0.0384
46	47	proteomics_47	proteomics_48	random.realistic.proteomics	-0.0384
45	131	proteomics_46	metagenomics_32	random.realistic.metagenomics	0.03833333333333333
13	10	proteomics_14	proteomics_11	random.realistic.proteomics	0.03833333333333333
45	4	proteomics_46	proteomics_5	random.realistic.proteomics	-0.03826666666666667
65	25	proteomics_66	proteomics_26	random.realistic.proteomics	0.0382
49	21	proteomics_50	proteomics_22	random.realistic.proteomics	-0.03813333333333333
19	138	proteomics_20	metagenomics_39	random.realistic.metagenomics	0.03813333333333333
88	21	proteomics_89	proteomics_22	random.realistic.proteomics	0.038066666666666665
70	39	proteomics_71	proteomics_40	random.realistic.proteomics	0.038066666666666665
92	104	proteomics_93	metagenomics_5	random.realistic.metagenomics	-0.038000000000000006
96	107	proteomics_97	metagenomics_8	random.realistic.metagenomics	0.038000000000000006
76	43	proteomics_77	proteomics_44	random.realistic.proteomics	0.038000000000000006
52	120	proteomics_53	metagenomics_21	random.realistic.metagenomics	-0.038
74	122	proteomics_75	metagenomics_23	random.realistic.metagenomics	0.03793333333333333
35	138	proteomics_36	metagenomics_39	random.realistic.metagenomics	-0.037866666666666667
42	38	proteomics_43	proteomics_39	random.realistic.proteomics	0.037866666666666667
66	41	proteomics_67	proteomics_42	random.realistic.proteomics	0.0378
2	68	proteomics_3	proteomics_69	random.realistic.proteomics	0.0378
45	22	proteomics_46	proteomics_23	random.realistic.proteomics	-0.037733333333333334
4	66	proteomics_5	proteomics_67	random.realistic.proteomics	0.037733333333333334
26	38	proteomics_27	proteomics_39	random.realistic.proteomics	-0.03766666666666667
14	123	proteomics_15	metagenomics_24	random.realistic.metagenomics	-0.0376
67	38	proteomics_68	proteomics_39	random.realistic.proteomics	0.0376
9	80	proteomics_10	proteomics_81	random.realistic.proteomics	-0.0376
80	84	proteomics_81	proteomics_85	random.realistic.proteomics	0.0376
58	139	proteomics_59	metagenomics_40	random.realistic.metagenomics	-0.037533333333333335
63	36	proteomics_64	proteomics_37	random.realistic.proteomics	-0.03746666666666667
36	14	proteomics_37	proteomics_15	random.realistic.proteomics	0.0374
58	40	proteomics_59	proteomics_41	random.realistic.proteomics	0.03733333333333333
16	47	proteomics_17	proteomics_48	random.realistic.proteomics	-0.03713333333333334
5	111	proteomics_6	metagenomics_12	random.realistic.metagenomics	0.037066666666666664
1	35	proteomics_2	proteomics_36	random.realistic.proteomics	-0.037000000000000005
95	8	proteomics_96	proteomics_9	random.realistic.proteomics	0.037000000000000005
47	25	proteomics_48	proteomics_26	random.realistic.proteomics	-0.037
29	135	proteomics_30	metagenomics_36	random.realistic.metagenomics	-0.03693333333333333
85	65	proteomics_86	proteomics_66	random.realistic.proteomics	-0.03693333333333333
13	62	proteomics_14	proteomics_63	random.realistic.proteomics	-0.03686666666666667
40	130	proteomics_41	metagenomics_31	random.realistic.metagenomics	-0.036866666666666666
69	25	proteomics_70	proteomics_26	random.realistic.proteomics	-0.0368
75	3	proteomics_76	proteomics_4	random.realistic.proteomics	-0.0368
50	19	proteomics_51	proteomics_20	random.realistic.proteomics	0.0368
92	101	proteomics_93	metagenomics_2	random.realistic.metagenomics	0.03673333333333333
14	47	proteomics_15	proteomics_48	random.realistic.proteomics	0.03673333333333333
12	11	proteomics_13	proteomics_12	random.realistic.proteomics	-0.03666666666666667
33	63	proteomics_34	proteomics_64	random.realistic.proteomics	0.03666666666666667
73	81	proteomics_74	proteomics_82	random.realistic.proteomics	0.03666666666666667
96	70	proteomics_97	proteomics_71	random.realistic.proteomics	0.0366
10	24	proteomics_11	proteomics_25	random.realistic.proteomics	0.0366
75	0	proteomics_76	proteomics_1	random.realistic.proteomics	-0.036533333333333334
34	69	proteomics_35	proteomics_70	random.realistic.proteomics	-0.03646666666666667
93	32	proteomics_94	proteomics_33	random.realistic.proteomics	0.03646666666666667
71	26	proteomics_72	proteomics_27	random.realistic.proteomics	0.03646666666666667
22	45	proteomics_23	proteomics_46	random.realistic.proteomics	-0.03646666666666666
70	11	proteomics_71	proteomics_12	random.realistic.proteomics	0.0364
87	63	proteomics_88	proteomics_64	random.realistic.proteomics	0.036333333333333336
47	133	proteomics_48	metagenomics_34	random.realistic.metagenomics	0.0362
90	115	proteomics_91	metagenomics_16	random.realistic.metagenomics	0.0362
83	93	proteomics_84	proteomics_94	random.realistic.proteomics	0.03613333333333334
80	111	proteomics_81	metagenomics_12	random.realistic.metagenomics	0.036066666666666664
34	92	proteomics_35	proteomics_93	random.realistic.proteomics	0.036000000000000004
45	135	proteomics_46	metagenomics_36	random.realistic.metagenomics	-0.036000000000000004
96	64	proteomics_97	proteomics_65	random.realistic.proteomics	-0.035866666666666665
18	84	proteomics_19	proteomics_85	random.realistic.proteomics	0.0358
50	84	proteomics_51	proteomics_85	random.realistic.proteomics	0.0358
47	95	proteomics_48	proteomics_96	random.realistic.proteomics	0.0358
63	49	proteomics_64	proteomics_50	random.realistic.proteomics	-0.0358
4	132	proteomics_5	metagenomics_33	random.realistic.metagenomics	-0.03573333333333333
29	3	proteomics_30	proteomics_4	random.realistic.proteomics	0.0356
2	11	proteomics_3	proteomics_12	random.realistic.proteomics	0.0356
54	139	proteomics_55	metagenomics_40	random.realistic.metagenomics	-0.03553333333333333
86	4	proteomics_87	proteomics_5	random.realistic.proteomics	-0.03546666666666667
9	100	proteomics_10	metagenomics_1	random.realistic.metagenomics	-0.03546666666666666
50	64	proteomics_51	proteomics_65	random.realistic.proteomics	-0.0354
58	21	proteomics_59	proteomics_22	random.realistic.proteomics	-0.0354
89	62	proteomics_90	proteomics_63	random.realistic.proteomics	-0.035333333333333335
68	136	proteomics_69	metagenomics_37	random.realistic.metagenomics	-0.035333333333333335
55	27	proteomics_56	proteomics_28	random.realistic.proteomics	-0.03526666666666667
6	122	proteomics_7	metagenomics_23	random.realistic.metagenomics	0.0352
95	46	proteomics_96	proteomics_47	random.realistic.proteomics	0.0352
18	114	proteomics_19	metagenomics_15	random.realistic.metagenomics	0.035133333333333336
70	96	proteomics_71	proteomics_97	random.realistic.proteomics	0.035133333333333336
13	25	proteomics_14	proteomics_26	random.realistic.proteomics	0.035133333333333336
80	140	proteomics_81	metagenomics_41	random.realistic.metagenomics	0.035133333333333336
26	46	proteomics_27	proteomics_47	random.realistic.proteomics	-0.035133333333333336
65	40	proteomics_66	proteomics_41	random.realistic.proteomics	0.035133333333333336
46	30	proteomics_47	proteomics_31	random.realistic.proteomics	0.03506666666666667
45	11	proteomics_46	proteomics_12	random.realistic.proteomics	0.03506666666666666
67	93	proteomics_68	proteomics_94	random.realistic.proteomics	0.035
86	131	proteomics_87	metagenomics_32	random.realistic.metagenomics	0.03493333333333333
90	128	proteomics_91	metagenomics_29	random.realistic.metagenomics	0.03493333333333333
48	40	proteomics_49	proteomics_41	random.realistic.proteomics	-0.03493333333333333
6	69	proteomics_7	proteomics_70	random.realistic.proteomics	0.03486666666666667
45	25	proteomics_46	proteomics_26	random.realistic.proteomics	0.03486666666666667
21	119	proteomics_22	metagenomics_20	random.realistic.metagenomics	-0.03486666666666667
57	135	proteomics_58	metagenomics_36	random.realistic.metagenomics	0.0348
15	67	proteomics_16	proteomics_68	random.realistic.proteomics	0.0348
10	66	proteomics_11	proteomics_67	random.realistic.proteomics	-0.0348
10	136	proteomics_11	metagenomics_37	random.realistic.metagenomics	-0.03473333333333334
74	30	proteomics_75	proteomics_31	random.realistic.proteomics	0.03473333333333334
97	17	proteomics_98	proteomics_18	random.realistic.proteomics	-0.03473333333333333
43	124	proteomics_44	metagenomics_25	random.realistic.metagenomics	-0.03473333333333333
17	97	proteomics_18	proteomics_98	random.realistic.proteomics	-0.034666666666666665
77	72	proteomics_78	proteomics_73	random.realistic.proteomics	0.0346
5	41	proteomics_6	proteomics_42	random.realistic.proteomics	-0.03453333333333333
38	67	proteomics_39	proteomics_68	random.realistic.proteomics	0.03453333333333333
49	63	proteomics_50	proteomics_64	random.realistic.proteomics	-0.03453333333333333
65	35	proteomics_66	proteomics_36	random.realistic.proteomics	0.034466666666666666
85	22	proteomics_86	proteomics_23	random.realistic.proteomics	-0.034466666666666666
6	34	proteomics_7	proteomics_35	random.realistic.proteomics	0.034466666666666666
84	18	proteomics_85	proteomics_19	random.realistic.proteomics	0.034333333333333334
27	131	proteomics_28	metagenomics_32	random.realistic.metagenomics	0.03426666666666667
37	72	proteomics_38	proteomics_73	random.realistic.proteomics	0.0342
28	123	proteomics_29	metagenomics_24	random.realistic.metagenomics	0.0342
27	4	proteomics_28	proteomics_5	random.realistic.proteomics	-0.034133333333333335
46	135	proteomics_47	metagenomics_36	random.realistic.metagenomics	0.034133333333333335
2	87	proteomics_3	proteomics_88	random.realistic.proteomics	0.034133333333333335
56	75	proteomics_57	proteomics_76	random.realistic.proteomics	-0.034133333333333335
43	126	proteomics_44	metagenomics_27	random.realistic.metagenomics	-0.034133333333333335
30	35	proteomics_31	proteomics_36	random.realistic.proteomics	-0.03406666666666667
48	96	proteomics_49	proteomics_97	random.realistic.proteomics	-0.03406666666666666
72	77	proteomics_73	proteomics_78	random.realistic.proteomics	0.034
9	38	proteomics_10	proteomics_39	random.realistic.proteomics	0.03393333333333333
80	42	proteomics_81	proteomics_43	random.realistic.proteomics	-0.03386666666666667
25	65	proteomics_26	proteomics_66	random.realistic.proteomics	0.03386666666666667
10	11	proteomics_11	proteomics_12	random.realistic.proteomics	-0.03373333333333334
10	2	proteomics_11	proteomics_3	random.realistic.proteomics	0.03373333333333334
96	12	proteomics_97	proteomics_13	random.realistic.proteomics	0.033666666666666664
55	86	proteomics_56	proteomics_87	random.realistic.proteomics	-0.0336
0	72	proteomics_1	proteomics_73	random.realistic.proteomics	-0.0336
62	13	proteomics_63	proteomics_14	random.realistic.proteomics	-0.03346666666666667
25	72	proteomics_26	proteomics_73	random.realistic.proteomics	-0.03346666666666667
16	65	proteomics_17	proteomics_66	random.realistic.proteomics	0.033466666666666665
5	134	proteomics_6	metagenomics_35	random.realistic.metagenomics	0.033466666666666665
84	15	proteomics_85	proteomics_16	random.realistic.proteomics	-0.03333333333333333
85	145	proteomics_86	metagenomics_46	random.realistic.metagenomics	0.03333333333333333
15	84	proteomics_16	proteomics_85	random.realistic.proteomics	-0.03333333333333333
12	70	proteomics_13	proteomics_71	random.realistic.proteomics	-0.03326666666666667
61	65	proteomics_62	proteomics_66	random.realistic.proteomics	0.0332
5	83	proteomics_6	proteomics_84	random.realistic.proteomics	-0.0332
20	100	proteomics_21	metagenomics_1	random.realistic.metagenomics	0.0332
70	12	proteomics_71	proteomics_13	random.realistic.proteomics	-0.033133333333333334
18	124	proteomics_19	metagenomics_25	random.realistic.metagenomics	0.033133333333333334
89	15	proteomics_90	proteomics_16	random.realistic.proteomics	-0.033133333333333334
69	141	proteomics_70	metagenomics_42	random.realistic.metagenomics	0.033
20	9	proteomics_21	proteomics_10	random.realistic.proteomics	0.03286666666666667
80	98	proteomics_81	proteomics_99	random.realistic.proteomics	0.03286666666666667
25	14	proteomics_26	proteomics_15	random.realistic.proteomics	0.032799999999999996
11	53	proteomics_12	proteomics_54	random.realistic.proteomics	0.032799999999999996
52	56	proteomics_53	proteomics_57	random.realistic.proteomics	-0.032799999999999996
15	22	proteomics_16	proteomics_23	random.realistic.proteomics	-0.032733333333333337
92	73	proteomics_93	proteomics_74	random.realistic.proteomics	0.032733333333333337
25	11	proteomics_26	proteomics_12	random.realistic.proteomics	-0.032733333333333337
0	37	proteomics_1	proteomics_38	random.realistic.proteomics	0.03266666666666666
72	11	proteomics_73	proteomics_12	random.realistic.proteomics	-0.03266666666666666
48	3	proteomics_49	proteomics_4	random.realistic.proteomics	0.03253333333333333
69	91	proteomics_70	proteomics_92	random.realistic.proteomics	0.03253333333333333
42	80	proteomics_43	proteomics_81	random.realistic.proteomics	-0.0324
89	21	proteomics_90	proteomics_22	random.realistic.proteomics	-0.0324
41	24	proteomics_42	proteomics_25	random.realistic.proteomics	-0.03233333333333333
19	46	proteomics_20	proteomics_47	random.realistic.proteomics	0.0322
96	14	proteomics_97	proteomics_15	random.realistic.proteomics	0.0322
29	112	proteomics_30	metagenomics_13	random.realistic.metagenomics	0.0322
56	59	proteomics_57	proteomics_60	random.realistic.proteomics	-0.03206666666666667
13	0	proteomics_14	proteomics_1	random.realistic.proteomics	-0.03206666666666667
77	3	proteomics_78	proteomics_4	random.realistic.proteomics	0.032
83	5	proteomics_84	proteomics_6	random.realistic.proteomics	-0.031933333333333334
36	102	proteomics_37	metagenomics_3	random.realistic.metagenomics	0.031933333333333334
10	13	proteomics_11	proteomics_14	random.realistic.proteomics	0.03186666666666667
25	13	proteomics_26	proteomics_14	random.realistic.proteomics	0.03186666666666667
75	37	proteomics_76	proteomics_38	random.realistic.proteomics	0.0318
41	72	proteomics_42	proteomics_73	random.realistic.proteomics	-0.031799999999999995
99	115	proteomics_100	metagenomics_16	random.realistic.metagenomics	0.031733333333333336
12	96	proteomics_13	proteomics_97	random.realistic.proteomics	0.031733333333333336
29	71	proteomics_30	proteomics_72	random.realistic.proteomics	-0.031733333333333336
37	100	proteomics_38	metagenomics_1	random.realistic.metagenomics	0.031733333333333336
0	5	proteomics_1	proteomics_6	random.realistic.proteomics	-0.031733333333333336
15	114	proteomics_16	metagenomics_15	random.realistic.metagenomics	-0.03166666666666666
49	97	proteomics_50	proteomics_98	random.realistic.proteomics	-0.0316
14	96	proteomics_15	proteomics_97	random.realistic.proteomics	0.0316
65	123	proteomics_66	metagenomics_24	random.realistic.metagenomics	-0.0316
75	30	proteomics_76	proteomics_31	random.realistic.proteomics	0.0316
65	85	proteomics_66	proteomics_86	random.realistic.proteomics	-0.03153333333333333
3	49	proteomics_4	proteomics_50	random.realistic.proteomics	0.03153333333333333
19	47	proteomics_20	proteomics_48	random.realistic.proteomics	0.03146666666666667
94	130	proteomics_95	metagenomics_31	random.realistic.metagenomics	-0.0314
14	109	proteomics_15	metagenomics_10	random.realistic.metagenomics	-0.03133333333333334
78	10	proteomics_79	proteomics_11	random.realistic.proteomics	0.03133333333333333
12	48	proteomics_13	proteomics_49	random.realistic.proteomics	-0.031266666666666665
81	73	proteomics_82	proteomics_74	random.realistic.proteomics	0.0312
16	115	proteomics_17	metagenomics_16	random.realistic.metagenomics	-0.0312
12	14	proteomics_13	proteomics_15	random.realistic.proteomics	-0.031133333333333332
47	14	proteomics_48	proteomics_15	random.realistic.proteomics	0.031133333333333332
72	37	proteomics_73	proteomics_38	random.realistic.proteomics	0.031066666666666666
34	122	proteomics_35	metagenomics_23	random.realistic.metagenomics	-0.031066666666666666
28	25	proteomics_29	proteomics_26	random.realistic.proteomics	-0.031066666666666666
65	58	proteomics_66	proteomics_59	random.realistic.proteomics	-0.031066666666666666
8	49	proteomics_9	proteomics_50	random.realistic.proteomics	0.031066666666666666
97	126	proteomics_98	metagenomics_27	random.realistic.metagenomics	-0.031
43	12	proteomics_44	proteomics_13	random.realistic.proteomics	0.031
55	49	proteomics_56	proteomics_50	random.realistic.proteomics	-0.030933333333333334
25	28	proteomics_26	proteomics_29	random.realistic.proteomics	-0.030933333333333334
41	66	proteomics_42	proteomics_67	random.realistic.proteomics	0.030933333333333334
30	14	proteomics_31	proteomics_15	random.realistic.proteomics	-0.030866666666666667
19	122	proteomics_20	metagenomics_23	random.realistic.metagenomics	-0.030866666666666667
49	48	proteomics_50	proteomics_49	random.realistic.proteomics	-0.030866666666666667
47	26	proteomics_48	proteomics_27	random.realistic.proteomics	-0.0308
16	128	proteomics_17	metagenomics_29	random.realistic.metagenomics	-0.030733333333333335
88	133	proteomics_89	metagenomics_34	random.realistic.metagenomics	0.030733333333333335
65	139	proteomics_66	metagenomics_40	random.realistic.metagenomics	-0.03066666666666667
94	13	proteomics_95	proteomics_14	random.realistic.proteomics	-0.030533333333333332
81	93	proteomics_82	proteomics_94	random.realistic.proteomics	-0.030533333333333332
69	101	proteomics_70	metagenomics_2	random.realistic.metagenomics	-0.0304
90	28	proteomics_91	proteomics_29	random.realistic.proteomics	-0.0304
97	45	proteomics_98	proteomics_46	random.realistic.proteomics	0.030333333333333334
86	2	proteomics_87	proteomics_3	random.realistic.proteomics	-0.03033333333333333
28	111	proteomics_29	metagenomics_12	random.realistic.metagenomics	-0.030199999999999998
94	116	proteomics_95	metagenomics_17	random.realistic.metagenomics	0.030199999999999998
21	89	proteomics_22	proteomics_90	random.realistic.proteomics	-0.03013333333333333
85	67	proteomics_86	proteomics_68	random.realistic.proteomics	0.03013333333333333
51	10	proteomics_52	proteomics_11	random.realistic.proteomics	0.03013333333333333
93	18	proteomics_94	proteomics_19	random.realistic.proteomics	-0.03013333333333333
0	75	proteomics_1	proteomics_76	random.realistic.proteomics	-0.030066666666666665
18	3	proteomics_19	proteomics_4	random.realistic.proteomics	0.03
97	100	proteomics_98	metagenomics_1	random.realistic.metagenomics	0.029933333333333333
49	11	proteomics_50	proteomics_12	random.realistic.proteomics	-0.029866666666666666
35	1	proteomics_36	proteomics_2	random.realistic.proteomics	-0.0298
26	56	proteomics_27	proteomics_57	random.realistic.proteomics	-0.029733333333333334
90	8	proteomics_91	proteomics_9	random.realistic.proteomics	-0.029733333333333334
68	87	proteomics_69	proteomics_88	random.realistic.proteomics	-0.029733333333333334
19	130	proteomics_20	metagenomics_31	random.realistic.metagenomics	0.029733333333333334
5	69	proteomics_6	proteomics_70	random.realistic.proteomics	-0.029666666666666668
34	119	proteomics_35	metagenomics_20	random.realistic.metagenomics	-0.029666666666666668
3	88	proteomics_4	proteomics_89	random.realistic.proteomics	0.029666666666666668
75	33	proteomics_76	proteomics_34	random.realistic.proteomics	-0.0296
11	72	proteomics_12	proteomics_73	random.realistic.proteomics	-0.0296
5	128	proteomics_6	metagenomics_29	random.realistic.metagenomics	-0.0296
83	115	proteomics_84	metagenomics_16	random.realistic.metagenomics	-0.0296
92	140	proteomics_93	metagenomics_41	random.realistic.metagenomics	-0.0296
17	128	proteomics_18	metagenomics_29	random.realistic.metagenomics	0.0296
69	65	proteomics_70	proteomics_66	random.realistic.proteomics	0.029533333333333335
36	63	proteomics_37	proteomics_64	random.realistic.proteomics	-0.029533333333333335
97	10	proteomics_98	proteomics_11	random.realistic.proteomics	0.029533333333333335
46	19	proteomics_47	proteomics_20	random.realistic.proteomics	0.02953333333333333
47	3	proteomics_48	proteomics_4	random.realistic.proteomics	0.02946666666666667
86	10	proteomics_87	proteomics_11	random.realistic.proteomics	0.029466666666666665
66	4	proteomics_67	proteomics_5	random.realistic.proteomics	0.029400000000000003
12	44	proteomics_13	proteomics_45	random.realistic.proteomics	0.029400000000000003
41	5	proteomics_42	proteomics_6	random.realistic.proteomics	-0.029400000000000003
13	11	proteomics_14	proteomics_12	random.realistic.proteomics	0.029266666666666667
70	140	proteomics_71	metagenomics_41	random.realistic.metagenomics	-0.029266666666666667
68	45	proteomics_69	proteomics_46	random.realistic.proteomics	-0.029266666666666667
50	3	proteomics_51	proteomics_4	random.realistic.proteomics	0.029266666666666667
52	86	proteomics_53	proteomics_87	random.realistic.proteomics	-0.029266666666666667
1	77	proteomics_2	proteomics_78	random.realistic.proteomics	-0.029266666666666663
33	11	proteomics_34	proteomics_12	random.realistic.proteomics	-0.0292
22	18	proteomics_23	proteomics_19	random.realistic.proteomics	0.029066666666666668
29	72	proteomics_30	proteomics_73	random.realistic.proteomics	0.029066666666666664
6	119	proteomics_7	metagenomics_20	random.realistic.metagenomics	0.028999999999999998
58	52	proteomics_59	proteomics_53	random.realistic.proteomics	-0.028999999999999998
90	147	proteomics_91	metagenomics_48	random.realistic.metagenomics	0.028933333333333332
65	16	proteomics_66	proteomics_17	random.realistic.proteomics	0.028933333333333332
35	145	proteomics_36	metagenomics_46	random.realistic.metagenomics	0.028866666666666665
51	89	proteomics_52	proteomics_90	random.realistic.proteomics	0.0288
69	5	proteomics_70	proteomics_6	random.realistic.proteomics	-0.0288
97	0	proteomics_98	proteomics_1	random.realistic.proteomics	-0.0288
84	25	proteomics_85	proteomics_26	random.realistic.proteomics	-0.028733333333333333
94	37	proteomics_95	proteomics_38	random.realistic.proteomics	-0.028733333333333333
86	109	proteomics_87	metagenomics_10	random.realistic.metagenomics	0.028733333333333333
67	18	proteomics_68	proteomics_19	random.realistic.proteomics	-0.028733333333333333
58	65	proteomics_59	proteomics_66	random.realistic.proteomics	-0.028666666666666667
63	119	proteomics_64	metagenomics_20	random.realistic.metagenomics	-0.028666666666666667
25	69	proteomics_26	proteomics_70	random.realistic.proteomics	-0.0286
66	131	proteomics_67	metagenomics_32	random.realistic.metagenomics	-0.028533333333333334
27	109	proteomics_28	metagenomics_10	random.realistic.metagenomics	-0.028533333333333334
12	40	proteomics_13	proteomics_41	random.realistic.proteomics	-0.028466666666666668
83	145	proteomics_84	metagenomics_46	random.realistic.metagenomics	-0.028466666666666668
76	10	proteomics_77	proteomics_11	random.realistic.proteomics	-0.028466666666666668
21	120	proteomics_22	metagenomics_21	random.realistic.metagenomics	0.0284
69	47	proteomics_70	proteomics_48	random.realistic.proteomics	-0.0284
64	35	proteomics_65	proteomics_36	random.realistic.proteomics	-0.028333333333333335
65	1	proteomics_66	proteomics_2	random.realistic.proteomics	0.02826666666666667
20	19	proteomics_21	proteomics_20	random.realistic.proteomics	0.028266666666666666
9	79	proteomics_10	proteomics_80	random.realistic.proteomics	-0.028200000000000003
85	91	proteomics_86	proteomics_92	random.realistic.proteomics	-0.028133333333333337
13	28	proteomics_14	proteomics_29	random.realistic.proteomics	0.028066666666666667
8	51	proteomics_9	proteomics_52	random.realistic.proteomics	-0.028066666666666667
10	135	proteomics_11	metagenomics_36	random.realistic.metagenomics	-0.028
92	36	proteomics_93	proteomics_37	random.realistic.proteomics	-0.027999999999999997
33	138	proteomics_34	metagenomics_39	random.realistic.metagenomics	-0.027933333333333334
52	90	proteomics_53	proteomics_91	random.realistic.proteomics	-0.02793333333333333
41	11	proteomics_42	proteomics_12	random.realistic.proteomics	-0.027866666666666668
52	49	proteomics_53	proteomics_50	random.realistic.proteomics	0.0278
17	25	proteomics_18	proteomics_26	random.realistic.proteomics	0.0278
20	86	proteomics_21	proteomics_87	random.realistic.proteomics	-0.0278
52	130	proteomics_53	metagenomics_31	random.realistic.metagenomics	-0.027733333333333332
83	134	proteomics_84	metagenomics_35	random.realistic.metagenomics	0.027733333333333332
91	69	proteomics_92	proteomics_70	random.realistic.proteomics	0.027733333333333332
10	105	proteomics_11	metagenomics_6	random.realistic.metagenomics	0.027666666666666666
49	131	proteomics_50	metagenomics_32	random.realistic.metagenomics	0.027666666666666666
37	126	proteomics_38	metagenomics_27	random.realistic.metagenomics	-0.027666666666666666
59	38	proteomics_60	proteomics_39	random.realistic.proteomics	-0.0276
19	52	proteomics_20	proteomics_53	random.realistic.proteomics	-0.0276
96	45	proteomics_97	proteomics_46	random.realistic.proteomics	0.0276
95	88	proteomics_96	proteomics_89	random.realistic.proteomics	0.027533333333333333
71	12	proteomics_72	proteomics_13	random.realistic.proteomics	0.027533333333333333
49	4	proteomics_50	proteomics_5	random.realistic.proteomics	-0.027533333333333333
80	88	proteomics_81	proteomics_89	random.realistic.proteomics	0.027466666666666667
97	113	proteomics_98	metagenomics_14	random.realistic.metagenomics	-0.027466666666666667
14	88	proteomics_15	proteomics_89	random.realistic.proteomics	-0.027466666666666667
0	126	proteomics_1	metagenomics_27	random.realistic.metagenomics	-0.027466666666666667
63	3	proteomics_64	proteomics_4	random.realistic.proteomics	0.027466666666666667
87	11	proteomics_88	proteomics_12	random.realistic.proteomics	0.027466666666666667
74	149	proteomics_75	metagenomics_50	random.realistic.metagenomics	0.0274
65	9	proteomics_66	proteomics_10	random.realistic.proteomics	0.0274
3	40	proteomics_4	proteomics_41	random.realistic.proteomics	-0.0274
10	3	proteomics_11	proteomics_4	random.realistic.proteomics	-0.0274
97	49	proteomics_98	proteomics_50	random.realistic.proteomics	-0.0274
52	61	proteomics_53	proteomics_62	random.realistic.proteomics	-0.0274
17	96	proteomics_18	proteomics_97	random.realistic.proteomics	-0.0274
95	38	proteomics_96	proteomics_39	random.realistic.proteomics	0.0274
96	17	proteomics_97	proteomics_18	random.realistic.proteomics	-0.0274
65	55	proteomics_66	proteomics_56	random.realistic.proteomics	0.027333333333333334
34	81	proteomics_35	proteomics_82	random.realistic.proteomics	0.027333333333333334
79	61	proteomics_80	proteomics_62	random.realistic.proteomics	0.027333333333333334
27	56	proteomics_28	proteomics_57	random.realistic.proteomics	0.027333333333333334
90	25	proteomics_91	proteomics_26	random.realistic.proteomics	-0.027266666666666668
14	12	proteomics_15	proteomics_13	random.realistic.proteomics	-0.027266666666666668
64	128	proteomics_65	metagenomics_29	random.realistic.metagenomics	0.027266666666666668
29	108	proteomics_30	metagenomics_9	random.realistic.metagenomics	-0.027200000000000002
59	96	proteomics_60	proteomics_97	random.realistic.proteomics	0.027200000000000002
29	134	proteomics_30	metagenomics_35	random.realistic.metagenomics	-0.027133333333333336
79	143	proteomics_80	metagenomics_44	random.realistic.metagenomics	-0.027133333333333332
96	134	proteomics_97	metagenomics_35	random.realistic.metagenomics	0.02706666666666667
34	93	proteomics_35	proteomics_94	random.realistic.proteomics	-0.02706666666666667
81	34	proteomics_82	proteomics_35	random.realistic.proteomics	0.027066666666666666
52	147	proteomics_53	metagenomics_48	random.realistic.metagenomics	0.027066666666666666
70	3	proteomics_71	proteomics_4	random.realistic.proteomics	-0.027066666666666666
29	26	proteomics_30	proteomics_27	random.realistic.proteomics	0.027000000000000003
55	47	proteomics_56	proteomics_48	random.realistic.proteomics	0.027000000000000003
48	49	proteomics_49	proteomics_50	random.realistic.proteomics	-0.027
73	87	proteomics_74	proteomics_88	random.realistic.proteomics	0.027
40	10	proteomics_41	proteomics_11	random.realistic.proteomics	-0.027
88	52	proteomics_89	proteomics_53	random.realistic.proteomics	0.027
87	69	proteomics_88	proteomics_70	random.realistic.proteomics	-0.027
97	134	proteomics_98	metagenomics_35	random.realistic.metagenomics	0.026933333333333333
85	124	proteomics_86	metagenomics_25	random.realistic.metagenomics	-0.026933333333333333
80	9	proteomics_81	proteomics_10	random.realistic.proteomics	-0.026933333333333333
56	72	proteomics_57	proteomics_73	random.realistic.proteomics	-0.02693333333333333
38	98	proteomics_39	proteomics_99	random.realistic.proteomics	-0.0268
4	85	proteomics_5	proteomics_86	random.realistic.proteomics	-0.0268
6	113	proteomics_7	metagenomics_14	random.realistic.metagenomics	0.0268
47	16	proteomics_48	proteomics_17	random.realistic.proteomics	-0.026799999999999997
10	97	proteomics_11	proteomics_98	random.realistic.proteomics	0.026733333333333335
70	46	proteomics_71	proteomics_47	random.realistic.proteomics	0.02673333333333333
48	12	proteomics_49	proteomics_13	random.realistic.proteomics	-0.02673333333333333
32	36	proteomics_33	proteomics_37	random.realistic.proteomics	-0.02673333333333333
97	72	proteomics_98	proteomics_73	random.realistic.proteomics	0.026666666666666665
38	114	proteomics_39	metagenomics_15	random.realistic.metagenomics	-0.026533333333333332
47	46	proteomics_48	proteomics_47	random.realistic.proteomics	-0.026533333333333332
30	128	proteomics_31	metagenomics_29	random.realistic.metagenomics	0.026533333333333332
98	62	proteomics_99	proteomics_63	random.realistic.proteomics	-0.026466666666666666
12	71	proteomics_13	proteomics_72	random.realistic.proteomics	0.026466666666666666
68	37	proteomics_69	proteomics_38	random.realistic.proteomics	-0.026466666666666666
32	3	proteomics_33	proteomics_4	random.realistic.proteomics	-0.026466666666666666
12	97	proteomics_13	proteomics_98	random.realistic.proteomics	-0.026466666666666666
79	113	proteomics_80	metagenomics_14	random.realistic.metagenomics	0.026466666666666666
28	124	proteomics_29	metagenomics_25	random.realistic.metagenomics	-0.026466666666666666
5	127	proteomics_6	metagenomics_28	random.realistic.metagenomics	0.0264
51	120	proteomics_52	metagenomics_21	random.realistic.metagenomics	-0.0264
67	15	proteomics_68	proteomics_16	random.realistic.proteomics	0.0264
15	124	proteomics_16	metagenomics_25	random.realistic.metagenomics	-0.0264
89	113	proteomics_90	metagenomics_14	random.realistic.metagenomics	-0.026333333333333334
37	109	proteomics_38	metagenomics_10	random.realistic.metagenomics	-0.026333333333333334
10	43	proteomics_11	proteomics_44	random.realistic.proteomics	-0.026333333333333334
5	10	proteomics_6	proteomics_11	random.realistic.proteomics	-0.026333333333333334
54	113	proteomics_55	metagenomics_14	random.realistic.metagenomics	0.026333333333333334
41	10	proteomics_42	proteomics_11	random.realistic.proteomics	-0.026266666666666667
41	75	proteomics_42	proteomics_76	random.realistic.proteomics	-0.026266666666666667
1	38	proteomics_2	proteomics_39	random.realistic.proteomics	0.0262
84	28	proteomics_85	proteomics_29	random.realistic.proteomics	0.0262
46	70	proteomics_47	proteomics_71	random.realistic.proteomics	0.0262
97	33	proteomics_98	proteomics_34	random.realistic.proteomics	-0.026133333333333335
3	97	proteomics_4	proteomics_98	random.realistic.proteomics	0.026133333333333335
61	148	proteomics_62	metagenomics_49	random.realistic.metagenomics	0.02606666666666667
91	85	proteomics_92	proteomics_86	random.realistic.proteomics	-0.02606666666666667
63	53	proteomics_64	proteomics_54	random.realistic.proteomics	-0.02606666666666667
3	91	proteomics_4	proteomics_92	random.realistic.proteomics	0.02606666666666667
72	46	proteomics_73	proteomics_47	random.realistic.proteomics	0.02606666666666667
67	28	proteomics_68	proteomics_29	random.realistic.proteomics	-0.02606666666666667
1	145	proteomics_2	metagenomics_46	random.realistic.metagenomics	0.02606666666666667
31	135	proteomics_32	metagenomics_36	random.realistic.metagenomics	-0.026000000000000002
38	42	proteomics_39	proteomics_43	random.realistic.proteomics	0.025933333333333336
45	55	proteomics_46	proteomics_56	random.realistic.proteomics	-0.025933333333333336
30	116	proteomics_31	metagenomics_17	random.realistic.metagenomics	0.025933333333333336
34	46	proteomics_35	proteomics_47	random.realistic.proteomics	0.025933333333333333
63	87	proteomics_64	proteomics_88	random.realistic.proteomics	0.025866666666666666
68	5	proteomics_69	proteomics_6	random.realistic.proteomics	0.0258
5	115	proteomics_6	metagenomics_16	random.realistic.metagenomics	-0.0258
12	43	proteomics_13	proteomics_44	random.realistic.proteomics	0.0258
64	130	proteomics_65	metagenomics_31	random.realistic.metagenomics	0.0258
95	56	proteomics_96	proteomics_57	random.realistic.proteomics	0.0258
88	95	proteomics_89	proteomics_96	random.realistic.proteomics	0.0258
21	36	proteomics_22	proteomics_37	random.realistic.proteomics	-0.025733333333333334
53	97	proteomics_54	proteomics_98	random.realistic.proteomics	0.025733333333333334
48	53	proteomics_49	proteomics_54	random.realistic.proteomics	0.025666666666666667
14	30	proteomics_15	proteomics_31	random.realistic.proteomics	-0.025666666666666667
11	10	proteomics_12	proteomics_11	random.realistic.proteomics	-0.025666666666666667
92	122	proteomics_93	metagenomics_23	random.realistic.metagenomics	0.025666666666666667
59	147	proteomics_60	metagenomics_48	random.realistic.metagenomics	-0.025666666666666664
29	147	proteomics_30	metagenomics_48	random.realistic.metagenomics	-0.025599999999999998
90	21	proteomics_91	proteomics_22	random.realistic.proteomics	0.025599999999999998
18	36	proteomics_19	proteomics_37	random.realistic.proteomics	0.02553333333333333
8	90	proteomics_9	proteomics_91	random.realistic.proteomics	-0.02553333333333333
21	53	proteomics_22	proteomics_54	random.realistic.proteomics	0.02553333333333333
7	101	proteomics_8	metagenomics_2	random.realistic.metagenomics	-0.02553333333333333
34	96	proteomics_35	proteomics_97	random.realistic.proteomics	0.02553333333333333
86	45	proteomics_87	proteomics_46	random.realistic.proteomics	-0.02553333333333333
17	3	proteomics_18	proteomics_4	random.realistic.proteomics	0.025466666666666665
52	143	proteomics_53	metagenomics_44	random.realistic.metagenomics	0.025466666666666665
6	140	proteomics_7	metagenomics_41	random.realistic.metagenomics	-0.0254
6	3	proteomics_7	proteomics_4	random.realistic.proteomics	-0.0254
0	100	proteomics_1	metagenomics_1	random.realistic.metagenomics	0.0254
87	34	proteomics_88	proteomics_35	random.realistic.proteomics	0.025266666666666666
86	47	proteomics_87	proteomics_48	random.realistic.proteomics	0.025266666666666666
23	115	proteomics_24	metagenomics_16	random.realistic.metagenomics	-0.025266666666666666
52	21	proteomics_53	proteomics_22	random.realistic.proteomics	-0.025266666666666666
10	86	proteomics_11	proteomics_87	random.realistic.proteomics	0.025266666666666666
40	12	proteomics_41	proteomics_13	random.realistic.proteomics	-0.0252
34	130	proteomics_35	metagenomics_31	random.realistic.metagenomics	-0.0252
86	105	proteomics_87	metagenomics_6	random.realistic.metagenomics	-0.0252
49	88	proteomics_50	proteomics_89	random.realistic.proteomics	-0.025133333333333334
75	41	proteomics_76	proteomics_42	random.realistic.proteomics	-0.025133333333333334
37	92	proteomics_38	proteomics_93	random.realistic.proteomics	-0.025133333333333334
47	28	proteomics_48	proteomics_29	random.realistic.proteomics	-0.025133333333333334
84	146	proteomics_85	metagenomics_47	random.realistic.metagenomics	0.025133333333333334
86	61	proteomics_87	proteomics_62	random.realistic.proteomics	-0.025133333333333334
27	11	proteomics_28	proteomics_12	random.realistic.proteomics	-0.025133333333333334
41	48	proteomics_42	proteomics_49	random.realistic.proteomics	-0.025133333333333334
47	72	proteomics_48	proteomics_73	random.realistic.proteomics	0.025133333333333334
27	48	proteomics_28	proteomics_49	random.realistic.proteomics	-0.025066666666666668
47	19	proteomics_48	proteomics_20	random.realistic.proteomics	0.025066666666666668
47	65	proteomics_48	proteomics_66	random.realistic.proteomics	0.025
25	17	proteomics_26	proteomics_18	random.realistic.proteomics	0.025
55	22	proteomics_56	proteomics_23	random.realistic.proteomics	-0.025
49	120	proteomics_50	metagenomics_21	random.realistic.metagenomics	0.024933333333333335
71	140	proteomics_72	metagenomics_41	random.realistic.metagenomics	-0.024933333333333335
34	30	proteomics_35	proteomics_31	random.realistic.proteomics	-0.024933333333333335
22	85	proteomics_23	proteomics_86	random.realistic.proteomics	-0.02486666666666667
97	88	proteomics_98	proteomics_89	random.realistic.proteomics	-0.02486666666666667
71	29	proteomics_72	proteomics_30	random.realistic.proteomics	-0.024866666666666665
20	145	proteomics_21	metagenomics_46	random.realistic.metagenomics	0.024800000000000003
11	45	proteomics_12	proteomics_46	random.realistic.proteomics	0.024800000000000003
69	14	proteomics_70	proteomics_15	random.realistic.proteomics	0.024733333333333333
83	72	proteomics_84	proteomics_73	random.realistic.proteomics	0.024733333333333333
42	127	proteomics_43	metagenomics_28	random.realistic.metagenomics	-0.024733333333333333
56	26	proteomics_57	proteomics_27	random.realistic.proteomics	-0.024666666666666667
10	140	proteomics_11	metagenomics_41	random.realistic.metagenomics	-0.024666666666666667
75	16	proteomics_76	proteomics_17	random.realistic.proteomics	0.024666666666666667
26	96	proteomics_27	proteomics_97	random.realistic.proteomics	0.024666666666666667
49	89	proteomics_50	proteomics_90	random.realistic.proteomics	-0.0246
89	36	proteomics_90	proteomics_37	random.realistic.proteomics	0.024599999999999997
51	79	proteomics_52	proteomics_80	random.realistic.proteomics	-0.024599999999999997
27	120	proteomics_28	metagenomics_21	random.realistic.metagenomics	-0.024533333333333334
39	44	proteomics_40	proteomics_45	random.realistic.proteomics	-0.024533333333333334
99	116	proteomics_100	metagenomics_17	random.realistic.metagenomics	-0.02453333333333333
69	6	proteomics_70	proteomics_7	random.realistic.proteomics	0.02453333333333333
40	38	proteomics_41	proteomics_39	random.realistic.proteomics	-0.02453333333333333
67	113	proteomics_68	metagenomics_14	random.realistic.metagenomics	0.024466666666666664
97	12	proteomics_98	proteomics_13	random.realistic.proteomics	-0.024466666666666664
93	83	proteomics_94	proteomics_84	random.realistic.proteomics	0.024399999999999998
14	69	proteomics_15	proteomics_70	random.realistic.proteomics	0.024399999999999998
84	138	proteomics_85	metagenomics_39	random.realistic.metagenomics	0.024399999999999998
30	19	proteomics_31	proteomics_20	random.realistic.proteomics	0.024333333333333332
52	8	proteomics_53	proteomics_9	random.realistic.proteomics	-0.024333333333333332
20	56	proteomics_21	proteomics_57	random.realistic.proteomics	0.024333333333333332
53	48	proteomics_54	proteomics_49	random.realistic.proteomics	0.024333333333333332
10	78	proteomics_11	proteomics_79	random.realistic.proteomics	0.024266666666666666
31	48	proteomics_32	proteomics_49	random.realistic.proteomics	0.024266666666666666
19	20	proteomics_20	proteomics_21	random.realistic.proteomics	0.024266666666666666
96	59	proteomics_97	proteomics_60	random.realistic.proteomics	0.024266666666666666
82	93	proteomics_83	proteomics_94	random.realistic.proteomics	0.024266666666666666
65	14	proteomics_66	proteomics_15	random.realistic.proteomics	-0.024266666666666666
53	0	proteomics_54	proteomics_1	random.realistic.proteomics	0.0242
67	85	proteomics_68	proteomics_86	random.realistic.proteomics	0.0242
96	40	proteomics_97	proteomics_41	random.realistic.proteomics	-0.0242
36	32	proteomics_37	proteomics_33	random.realistic.proteomics	-0.0242
89	102	proteomics_90	metagenomics_3	random.realistic.metagenomics	-0.0242
0	13	proteomics_1	proteomics_14	random.realistic.proteomics	-0.0242
2	37	proteomics_3	proteomics_38	random.realistic.proteomics	-0.024133333333333333
8	147	proteomics_9	metagenomics_48	random.realistic.metagenomics	0.024133333333333333
83	128	proteomics_84	metagenomics_29	random.realistic.metagenomics	-0.024066666666666667
30	96	proteomics_31	proteomics_97	random.realistic.proteomics	0.024066666666666667
73	29	proteomics_74	proteomics_30	random.realistic.proteomics	-0.024066666666666667
96	37	proteomics_97	proteomics_38	random.realistic.proteomics	-0.024066666666666667
48	136	proteomics_49	metagenomics_37	random.realistic.metagenomics	0.024066666666666667
6	51	proteomics_7	proteomics_52	random.realistic.proteomics	-0.024066666666666667
30	57	proteomics_31	proteomics_58	random.realistic.proteomics	0.024
84	33	proteomics_85	proteomics_34	random.realistic.proteomics	0.024
92	69	proteomics_93	proteomics_70	random.realistic.proteomics	0.024
83	33	proteomics_84	proteomics_34	random.realistic.proteomics	0.024
2	76	proteomics_3	proteomics_77	random.realistic.proteomics	0.023933333333333334
92	34	proteomics_93	proteomics_35	random.realistic.proteomics	0.023933333333333334
41	43	proteomics_42	proteomics_44	random.realistic.proteomics	0.023933333333333334
50	16	proteomics_51	proteomics_17	random.realistic.proteomics	-0.023933333333333334
65	69	proteomics_66	proteomics_70	random.realistic.proteomics	0.023933333333333334
10	45	proteomics_11	proteomics_46	random.realistic.proteomics	-0.023866666666666668
13	53	proteomics_14	proteomics_54	random.realistic.proteomics	-0.023866666666666668
64	47	proteomics_65	proteomics_48	random.realistic.proteomics	-0.0238
30	129	proteomics_31	metagenomics_30	random.realistic.metagenomics	0.0238
0	10	proteomics_1	proteomics_11	random.realistic.proteomics	-0.0238
27	54	proteomics_28	proteomics_55	random.realistic.proteomics	-0.0238
65	47	proteomics_66	proteomics_48	random.realistic.proteomics	0.0238
63	106	proteomics_64	metagenomics_7	random.realistic.metagenomics	-0.023733333333333335
8	21	proteomics_9	proteomics_22	random.realistic.proteomics	0.023733333333333335
7	93	proteomics_8	proteomics_94	random.realistic.proteomics	0.023733333333333335
93	67	proteomics_94	proteomics_68	random.realistic.proteomics	0.023733333333333335
77	10	proteomics_78	proteomics_11	random.realistic.proteomics	-0.02366666666666667
57	49	proteomics_58	proteomics_50	random.realistic.proteomics	-0.02366666666666667
8	52	proteomics_9	proteomics_53	random.realistic.proteomics	-0.02366666666666667
5	68	proteomics_6	proteomics_69	random.realistic.proteomics	0.023666666666666666
94	12	proteomics_95	proteomics_13	random.realistic.proteomics	0.023666666666666666
31	93	proteomics_32	proteomics_94	random.realistic.proteomics	0.023600000000000003
88	97	proteomics_89	proteomics_98	random.realistic.proteomics	-0.0236
77	82	proteomics_78	proteomics_83	random.realistic.proteomics	0.0236
59	71	proteomics_60	proteomics_72	random.realistic.proteomics	-0.0236
38	9	proteomics_39	proteomics_10	random.realistic.proteomics	0.0236
2	22	proteomics_3	proteomics_23	random.realistic.proteomics	-0.023533333333333333
30	74	proteomics_31	proteomics_75	random.realistic.proteomics	0.023466666666666667
71	37	proteomics_72	proteomics_38	random.realistic.proteomics	-0.023466666666666667
86	55	proteomics_87	proteomics_56	random.realistic.proteomics	-0.023466666666666667
30	23	proteomics_31	proteomics_24	random.realistic.proteomics	0.023466666666666667
85	114	proteomics_86	metagenomics_15	random.realistic.metagenomics	-0.023466666666666663
74	127	proteomics_75	metagenomics_28	random.realistic.metagenomics	-0.023399999999999997
45	10	proteomics_46	proteomics_11	random.realistic.proteomics	-0.023399999999999997
47	86	proteomics_48	proteomics_87	random.realistic.proteomics	0.023399999999999997
75	11	proteomics_76	proteomics_12	random.realistic.proteomics	0.023333333333333334
40	106	proteomics_41	metagenomics_7	random.realistic.metagenomics	-0.023333333333333334
38	59	proteomics_39	proteomics_60	random.realistic.proteomics	-0.023266666666666668
34	36	proteomics_35	proteomics_37	random.realistic.proteomics	0.023266666666666665
48	128	proteomics_49	metagenomics_29	random.realistic.metagenomics	0.023266666666666665
41	93	proteomics_42	proteomics_94	random.realistic.proteomics	-0.0232
40	11	proteomics_41	proteomics_12	random.realistic.proteomics	-0.0232
44	12	proteomics_45	proteomics_13	random.realistic.proteomics	0.0232
31	32	proteomics_32	proteomics_33	random.realistic.proteomics	0.023133333333333332
14	3	proteomics_15	proteomics_4	random.realistic.proteomics	0.023133333333333332
66	28	proteomics_67	proteomics_29	random.realistic.proteomics	0.023133333333333332
92	30	proteomics_93	proteomics_31	random.realistic.proteomics	-0.023133333333333332
11	12	proteomics_12	proteomics_13	random.realistic.proteomics	-0.023066666666666666
30	10	proteomics_31	proteomics_11	random.realistic.proteomics	0.023066666666666666
75	88	proteomics_76	proteomics_89	random.realistic.proteomics	0.023066666666666666
84	3	proteomics_85	proteomics_4	random.realistic.proteomics	0.023066666666666666
41	33	proteomics_42	proteomics_34	random.realistic.proteomics	0.023066666666666666
21	147	proteomics_22	metagenomics_48	random.realistic.metagenomics	-0.023066666666666666
27	126	proteomics_28	metagenomics_27	random.realistic.metagenomics	-0.023066666666666666
72	25	proteomics_73	proteomics_26	random.realistic.proteomics	-0.023066666666666666
3	28	proteomics_4	proteomics_29	random.realistic.proteomics	-0.023066666666666666
8	37	proteomics_9	proteomics_38	random.realistic.proteomics	0.023066666666666666
19	119	proteomics_20	metagenomics_20	random.realistic.metagenomics	-0.023
40	28	proteomics_41	proteomics_29	random.realistic.proteomics	0.023
1	80	proteomics_2	proteomics_81	random.realistic.proteomics	-0.023
5	85	proteomics_6	proteomics_86	random.realistic.proteomics	0.023
76	72	proteomics_77	proteomics_73	random.realistic.proteomics	0.022933333333333333
88	14	proteomics_89	proteomics_15	random.realistic.proteomics	-0.022933333333333333
27	67	proteomics_28	proteomics_68	random.realistic.proteomics	0.022933333333333333
14	23	proteomics_15	proteomics_24	random.realistic.proteomics	-0.022866666666666667
49	8	proteomics_50	proteomics_9	random.realistic.proteomics	0.022866666666666667
64	116	proteomics_65	metagenomics_17	random.realistic.metagenomics	0.0228
68	13	proteomics_69	proteomics_14	random.realistic.proteomics	0.0228
73	106	proteomics_74	metagenomics_7	random.realistic.metagenomics	-0.0228
16	75	proteomics_17	proteomics_76	random.realistic.proteomics	0.0228
90	49	proteomics_91	proteomics_50	random.realistic.proteomics	0.0228
67	25	proteomics_68	proteomics_26	random.realistic.proteomics	0.022733333333333335
86	143	proteomics_87	metagenomics_44	random.realistic.metagenomics	0.022733333333333335
51	111	proteomics_52	metagenomics_12	random.realistic.metagenomics	-0.022733333333333335
84	50	proteomics_85	proteomics_51	random.realistic.proteomics	0.022733333333333335
24	38	proteomics_25	proteomics_39	random.realistic.proteomics	-0.022733333333333335
20	65	proteomics_21	proteomics_66	random.realistic.proteomics	0.022733333333333335
60	37	proteomics_61	proteomics_38	random.realistic.proteomics	-0.022733333333333335
87	73	proteomics_88	proteomics_74	random.realistic.proteomics	0.022733333333333335
46	38	proteomics_47	proteomics_39	random.realistic.proteomics	-0.022733333333333335
71	128	proteomics_72	metagenomics_29	random.realistic.metagenomics	0.022733333333333335
27	72	proteomics_28	proteomics_73	random.realistic.proteomics	-0.022733333333333335
63	127	proteomics_64	metagenomics_28	random.realistic.metagenomics	0.02266666666666667
19	30	proteomics_20	proteomics_31	random.realistic.proteomics	0.02266666666666667
59	108	proteomics_60	metagenomics_9	random.realistic.metagenomics	-0.02266666666666667
12	114	proteomics_13	metagenomics_15	random.realistic.metagenomics	0.02266666666666667
83	3	proteomics_84	proteomics_4	random.realistic.proteomics	0.022600000000000002
88	80	proteomics_89	proteomics_81	random.realistic.proteomics	0.022600000000000002
38	95	proteomics_39	proteomics_96	random.realistic.proteomics	0.022600000000000002
90	10	proteomics_91	proteomics_11	random.realistic.proteomics	0.022600000000000002
14	57	proteomics_15	proteomics_58	random.realistic.proteomics	-0.022533333333333336
97	53	proteomics_98	proteomics_54	random.realistic.proteomics	0.022533333333333336
92	108	proteomics_93	metagenomics_9	random.realistic.metagenomics	-0.022533333333333336
47	122	proteomics_48	metagenomics_23	random.realistic.metagenomics	0.022533333333333332
28	67	proteomics_29	proteomics_68	random.realistic.proteomics	-0.022533333333333332
24	99	proteomics_25	proteomics_100	random.realistic.proteomics	0.022533333333333332
47	69	proteomics_48	proteomics_70	random.realistic.proteomics	-0.022466666666666666
50	102	proteomics_51	metagenomics_3	random.realistic.metagenomics	0.022466666666666666
49	55	proteomics_50	proteomics_56	random.realistic.proteomics	-0.022466666666666666
89	93	proteomics_90	proteomics_94	random.realistic.proteomics	0.022466666666666666
10	77	proteomics_11	proteomics_78	random.realistic.proteomics	-0.022466666666666666
21	79	proteomics_22	proteomics_80	random.realistic.proteomics	0.022400000000000003
4	75	proteomics_5	proteomics_76	random.realistic.proteomics	-0.0224
60	127	proteomics_61	metagenomics_28	random.realistic.metagenomics	0.0224
94	69	proteomics_95	proteomics_70	random.realistic.proteomics	-0.022333333333333334
22	15	proteomics_23	proteomics_16	random.realistic.proteomics	-0.022333333333333334
91	2	proteomics_92	proteomics_3	random.realistic.proteomics	0.022333333333333334
56	95	proteomics_57	proteomics_96	random.realistic.proteomics	0.022333333333333334
6	54	proteomics_7	proteomics_55	random.realistic.proteomics	-0.022266666666666667
32	133	proteomics_33	metagenomics_34	random.realistic.metagenomics	-0.022266666666666667
72	56	proteomics_73	proteomics_57	random.realistic.proteomics	-0.022266666666666667
3	77	proteomics_4	proteomics_78	random.realistic.proteomics	0.022266666666666667
40	72	proteomics_41	proteomics_73	random.realistic.proteomics	-0.022266666666666667
30	110	proteomics_31	metagenomics_11	random.realistic.metagenomics	-0.022266666666666667
49	12	proteomics_50	proteomics_13	random.realistic.proteomics	-0.022266666666666667
53	45	proteomics_54	proteomics_46	random.realistic.proteomics	-0.022266666666666667
53	63	proteomics_54	proteomics_64	random.realistic.proteomics	-0.022266666666666667
85	25	proteomics_86	proteomics_26	random.realistic.proteomics	-0.022266666666666664
0	77	proteomics_1	proteomics_78	random.realistic.proteomics	-0.022266666666666664
65	143	proteomics_66	metagenomics_44	random.realistic.metagenomics	-0.0222
86	0	proteomics_87	proteomics_1	random.realistic.proteomics	0.0222
20	118	proteomics_21	metagenomics_19	random.realistic.metagenomics	-0.0222
32	121	proteomics_33	metagenomics_22	random.realistic.metagenomics	0.0222
12	3	proteomics_13	proteomics_4	random.realistic.proteomics	0.0222
0	11	proteomics_1	proteomics_12	random.realistic.proteomics	-0.022199999999999998
12	93	proteomics_13	proteomics_94	random.realistic.proteomics	-0.022199999999999998
88	136	proteomics_89	metagenomics_37	random.realistic.metagenomics	-0.022199999999999998
